timestamp,link_id,rx_packets,tx_packets,rx_bytes,tx_bytes,rx_mbps,tx_mbps,rx_pps,tx_pps
2026-02-27T20:41:57.785047,of:0000000000000008:1 <-> of:000000000000000b:6,13019,13019,1814862,1814862,0.001,0.001,1.19,1.19
2026-02-27T20:41:57.785047,of:0000000000000003:2 <-> of:0000000000000008:3,13060,13060,1812592,1812592,0.001,0.001,1.26,1.26
2026-02-27T20:41:57.785047,of:0000000000000002:2 <-> of:0000000000000008:2,13058,13058,1812232,1812232,0.001,0.001,1.19,1.19
2026-02-27T20:41:57.785047,of:0000000000000007:1 <-> of:000000000000000d:5,14864,14864,1995838,1995838,0.001,0.001,1.19,1.19
2026-02-27T20:41:57.785047,of:0000000000000007:2 <-> of:000000000000000a:3,13056,13056,1818570,1818570,0.001,0.001,1.19,1.19
2026-02-27T20:41:57.785047,of:0000000000000006:2 <-> of:000000000000000a:2,13058,13058,1818870,1818868,0.001,0.001,1.26,1.26
2026-02-27T20:41:57.785047,of:0000000000000006:1 <-> of:000000000000000d:4,14652,14652,1975166,1975164,0.001,0.001,1.26,1.26
2026-02-27T20:41:57.785047,of:0000000000000003:1 <-> of:000000000000000b:5,14862,14862,1995642,1995640,0.001,0.001,1.26,1.26
2026-02-27T20:41:57.785047,of:0000000000000001:3 <-> of:000000000000000d:1,13115,13115,1824436,1824436,0.001,0.001,1.19,1.19
2026-02-27T20:41:57.785047,of:0000000000000002:1 <-> of:000000000000000b:4,14864,14864,1995672,1995672,0.001,0.001,1.19,1.19
2026-02-27T20:41:57.785047,of:0000000000000001:2 <-> of:000000000000000c:1,13109,13109,1823848,1823848,0.001,0.001,1.19,1.19
2026-02-27T20:41:57.785047,of:0000000000000001:1 <-> of:000000000000000b:1,13113,13113,1824176,1824176,0.001,0.001,1.19,1.19
2026-02-27T20:41:57.785047,of:0000000000000004:1 <-> of:000000000000000c:4,14365,14365,1947020,1947018,0.001,0.001,1.26,1.26
2026-02-27T20:41:57.785047,of:0000000000000005:1 <-> of:000000000000000c:5,14362,14362,1946560,1946560,0.001,0.001,1.19,1.19
2026-02-27T20:41:57.785047,of:000000000000000a:1 <-> of:000000000000000d:6,13024,13024,1821972,1821972,0.001,0.001,1.19,1.19
2026-02-27T20:41:57.785047,of:000000000000000c:3 <-> of:000000000000000d:3,14308,14308,1947804,1947804,0.001,0.001,1.19,1.19
2026-02-27T20:41:57.785047,of:000000000000000b:2 <-> of:000000000000000c:2,14409,14409,1957618,1957618,0.001,0.001,1.19,1.19
2026-02-27T20:41:57.785047,of:0000000000000005:2 <-> of:0000000000000009:3,13344,13344,1840362,1840362,0.001,0.001,1.19,1.19
2026-02-27T20:41:57.785047,of:000000000000000b:3 <-> of:000000000000000d:2,14516,14516,1968124,1968124,0.001,0.001,1.19,1.19
2026-02-27T20:41:57.785047,of:0000000000000004:2 <-> of:0000000000000009:2,13348,13348,1840918,1840918,0.001,0.001,1.26,1.26
2026-02-27T20:41:57.785047,of:0000000000000009:1 <-> of:000000000000000c:6,13026,13026,1815734,1815734,0.001,0.001,1.19,1.19
2026-02-27T20:42:27.853218,of:0000000000000008:1 <-> of:000000000000000b:6,13059,13059,1820442,1820442,0.001,0.001,1.33,1.33
2026-02-27T20:42:27.853218,of:0000000000000003:2 <-> of:0000000000000008:3,13098,13098,1817874,1817874,0.001,0.001,1.26,1.26
2026-02-27T20:42:27.853218,of:0000000000000002:2 <-> of:0000000000000008:2,13098,13098,1817792,1817792,0.001,0.001,1.33,1.33
2026-02-27T20:42:27.853218,of:0000000000000007:1 <-> of:000000000000000d:5,14904,14904,2001418,2001418,0.001,0.001,1.33,1.33
2026-02-27T20:42:27.853218,of:0000000000000007:2 <-> of:000000000000000a:3,13096,13096,1824150,1824150,0.001,0.001,1.33,1.33
2026-02-27T20:42:27.853218,of:0000000000000006:2 <-> of:000000000000000a:2,13096,13096,1824170,1824170,0.001,0.001,1.26,1.26
2026-02-27T20:42:27.853218,of:0000000000000006:1 <-> of:000000000000000d:4,14690,14690,1980466,1980466,0.001,0.001,1.26,1.26
2026-02-27T20:42:27.853218,of:0000000000000003:1 <-> of:000000000000000b:5,14900,14900,2000942,2000942,0.001,0.001,1.26,1.26
2026-02-27T20:42:27.853218,of:0000000000000001:3 <-> of:000000000000000d:1,13155,13155,1830016,1830016,0.001,0.001,1.33,1.33
2026-02-27T20:42:27.853218,of:0000000000000002:1 <-> of:000000000000000b:4,14904,14904,2001252,2001252,0.001,0.001,1.33,1.33
2026-02-27T20:42:27.853218,of:0000000000000001:2 <-> of:000000000000000c:1,13149,13149,1829428,1829428,0.001,0.001,1.33,1.33
2026-02-27T20:42:27.853218,of:0000000000000001:1 <-> of:000000000000000b:1,13153,13153,1829756,1829756,0.001,0.001,1.33,1.33
2026-02-27T20:42:27.853218,of:0000000000000004:1 <-> of:000000000000000c:4,14403,14403,1952320,1952320,0.001,0.001,1.26,1.26
2026-02-27T20:42:27.853218,of:0000000000000005:1 <-> of:000000000000000c:5,14402,14402,1952140,1952140,0.001,0.001,1.33,1.33
2026-02-27T20:42:27.853218,of:000000000000000a:1 <-> of:000000000000000d:6,13064,13064,1827572,1827572,0.001,0.001,1.33,1.33
2026-02-27T20:42:27.853218,of:000000000000000c:3 <-> of:000000000000000d:3,14348,14348,1953404,1953404,0.001,0.001,1.33,1.33
2026-02-27T20:42:27.853218,of:000000000000000b:2 <-> of:000000000000000c:2,14449,14449,1963218,1963218,0.001,0.001,1.33,1.33
2026-02-27T20:42:27.853218,of:0000000000000005:2 <-> of:0000000000000009:3,13384,13384,1845922,1845922,0.001,0.001,1.33,1.33
2026-02-27T20:42:27.853218,of:000000000000000b:3 <-> of:000000000000000d:2,14556,14556,1973724,1973724,0.001,0.001,1.33,1.33
2026-02-27T20:42:27.853218,of:0000000000000004:2 <-> of:0000000000000009:2,13386,13386,1846200,1846200,0.001,0.001,1.26,1.26
2026-02-27T20:42:27.853218,of:0000000000000009:1 <-> of:000000000000000c:6,13066,13066,1821314,1821314,0.001,0.001,1.33,1.33
2026-02-27T20:42:57.942166,of:0000000000000008:1 <-> of:000000000000000b:6,13099,13099,1826022,1826022,0.001,0.001,1.33,1.33
2026-02-27T20:42:57.942166,of:0000000000000003:2 <-> of:0000000000000008:3,13138,13138,1823434,1823434,0.001,0.001,1.33,1.33
2026-02-27T20:42:57.942166,of:0000000000000002:2 <-> of:0000000000000008:2,13138,13138,1823352,1823352,0.001,0.001,1.33,1.33
2026-02-27T20:42:57.942166,of:0000000000000007:1 <-> of:000000000000000d:5,14944,14944,2006998,2006998,0.001,0.001,1.33,1.33
2026-02-27T20:42:57.942166,of:0000000000000007:2 <-> of:000000000000000a:3,13136,13136,1829730,1829730,0.001,0.001,1.33,1.33
2026-02-27T20:42:57.942166,of:0000000000000006:2 <-> of:000000000000000a:2,13136,13136,1829750,1829750,0.001,0.001,1.33,1.33
2026-02-27T20:42:57.942166,of:0000000000000006:1 <-> of:000000000000000d:4,14730,14730,1986046,1986046,0.001,0.001,1.33,1.33
2026-02-27T20:42:57.942166,of:0000000000000003:1 <-> of:000000000000000b:5,14940,14940,2006522,2006522,0.001,0.001,1.33,1.33
2026-02-27T20:42:57.942166,of:0000000000000001:3 <-> of:000000000000000d:1,13195,13195,1835596,1835596,0.001,0.001,1.33,1.33
2026-02-27T20:42:57.942166,of:0000000000000002:1 <-> of:000000000000000b:4,14944,14944,2006832,2006832,0.001,0.001,1.33,1.33
2026-02-27T20:42:57.942166,of:0000000000000001:2 <-> of:000000000000000c:1,13189,13189,1835008,1835008,0.001,0.001,1.33,1.33
2026-02-27T20:42:57.942166,of:0000000000000001:1 <-> of:000000000000000b:1,13193,13193,1835336,1835336,0.001,0.001,1.33,1.33
2026-02-27T20:42:57.942166,of:0000000000000004:1 <-> of:000000000000000c:4,14443,14443,1957900,1957900,0.001,0.001,1.33,1.33
2026-02-27T20:42:57.942166,of:0000000000000005:1 <-> of:000000000000000c:5,14442,14442,1957720,1957720,0.001,0.001,1.33,1.33
2026-02-27T20:42:57.942166,of:000000000000000a:1 <-> of:000000000000000d:6,13104,13104,1833172,1833172,0.001,0.001,1.33,1.33
2026-02-27T20:42:57.942166,of:000000000000000c:3 <-> of:000000000000000d:3,14388,14388,1959004,1959004,0.001,0.001,1.33,1.33
2026-02-27T20:42:57.942166,of:000000000000000b:2 <-> of:000000000000000c:2,14489,14489,1968818,1968818,0.001,0.001,1.33,1.33
2026-02-27T20:42:57.942166,of:0000000000000005:2 <-> of:0000000000000009:3,13424,13424,1851482,1851482,0.001,0.001,1.33,1.33
2026-02-27T20:42:57.942166,of:000000000000000b:3 <-> of:000000000000000d:2,14596,14596,1979324,1979324,0.001,0.001,1.33,1.33
2026-02-27T20:42:57.942166,of:0000000000000004:2 <-> of:0000000000000009:2,13426,13426,1851760,1851760,0.001,0.001,1.33,1.33
2026-02-27T20:42:57.942166,of:0000000000000009:1 <-> of:000000000000000c:6,13106,13106,1826894,1826894,0.001,0.001,1.33,1.33
2026-02-27T20:43:28.068161,of:0000000000000008:1 <-> of:000000000000000b:6,13135,13135,1831044,1831044,0.001,0.001,1.19,1.19
2026-02-27T20:43:28.068161,of:0000000000000003:2 <-> of:0000000000000008:3,13176,13176,1828716,1828716,0.001,0.001,1.26,1.26
2026-02-27T20:43:28.068161,of:0000000000000002:2 <-> of:0000000000000008:2,13174,13174,1828356,1828356,0.001,0.001,1.19,1.19
2026-02-27T20:43:28.068161,of:0000000000000007:1 <-> of:000000000000000d:5,14980,14980,2012020,2012020,0.001,0.001,1.19,1.19
2026-02-27T20:43:28.068161,of:0000000000000007:2 <-> of:000000000000000a:3,13172,13172,1834752,1834752,0.001,0.001,1.19,1.19
2026-02-27T20:43:28.068161,of:0000000000000006:2 <-> of:000000000000000a:2,13174,13174,1835052,1835050,0.001,0.001,1.26,1.26
2026-02-27T20:43:28.068161,of:0000000000000006:1 <-> of:000000000000000d:4,14768,14768,1991348,1991346,0.001,0.001,1.26,1.26
2026-02-27T20:43:28.068161,of:0000000000000003:1 <-> of:000000000000000b:5,14978,14978,2011824,2011822,0.001,0.001,1.26,1.26
2026-02-27T20:43:28.068161,of:0000000000000001:3 <-> of:000000000000000d:1,13231,13231,1840618,1840618,0.001,0.001,1.19,1.19
2026-02-27T20:43:28.068161,of:0000000000000002:1 <-> of:000000000000000b:4,14980,14980,2011854,2011854,0.001,0.001,1.19,1.19
2026-02-27T20:43:28.068161,of:0000000000000001:2 <-> of:000000000000000c:1,13225,13225,1840030,1840030,0.001,0.001,1.19,1.19
2026-02-27T20:43:28.068161,of:0000000000000001:1 <-> of:000000000000000b:1,13229,13229,1840358,1840358,0.001,0.001,1.19,1.19
2026-02-27T20:43:28.068161,of:0000000000000004:1 <-> of:000000000000000c:4,14481,14481,1963202,1963200,0.001,0.001,1.26,1.26
2026-02-27T20:43:28.068161,of:0000000000000005:1 <-> of:000000000000000c:5,14478,14478,1962742,1962742,0.001,0.001,1.19,1.19
2026-02-27T20:43:28.068161,of:000000000000000a:1 <-> of:000000000000000d:6,13140,13140,1838212,1838212,0.001,0.001,1.19,1.19
2026-02-27T20:43:28.068161,of:000000000000000c:3 <-> of:000000000000000d:3,14424,14424,1964044,1964044,0.001,0.001,1.19,1.19
2026-02-27T20:43:28.068161,of:000000000000000b:2 <-> of:000000000000000c:2,14525,14525,1973858,1973858,0.001,0.001,1.19,1.19
2026-02-27T20:43:28.068161,of:0000000000000005:2 <-> of:0000000000000009:3,13460,13460,1856486,1856486,0.001,0.001,1.19,1.19
2026-02-27T20:43:28.068161,of:000000000000000b:3 <-> of:000000000000000d:2,14632,14632,1984364,1984364,0.001,0.001,1.19,1.19
2026-02-27T20:43:28.068161,of:0000000000000004:2 <-> of:0000000000000009:2,13464,13464,1857042,1857042,0.001,0.001,1.26,1.26
2026-02-27T20:43:28.068161,of:0000000000000009:1 <-> of:000000000000000c:6,13142,13142,1831916,1831916,0.001,0.001,1.19,1.19
2026-02-27T20:43:58.099546,of:0000000000000008:1 <-> of:000000000000000b:6,13175,13175,1836624,1836624,0.001,0.001,1.33,1.33
2026-02-27T20:43:58.099546,of:0000000000000003:2 <-> of:0000000000000008:3,13214,13214,1833998,1833998,0.001,0.001,1.27,1.27
2026-02-27T20:43:58.099546,of:0000000000000002:2 <-> of:0000000000000008:2,13214,13214,1833916,1833916,0.001,0.001,1.33,1.33
2026-02-27T20:43:58.099546,of:0000000000000007:1 <-> of:000000000000000d:5,15020,15020,2017600,2017600,0.001,0.001,1.33,1.33
2026-02-27T20:43:58.099546,of:0000000000000007:2 <-> of:000000000000000a:3,13212,13212,1840332,1840332,0.001,0.001,1.33,1.33
2026-02-27T20:43:58.099546,of:0000000000000006:2 <-> of:000000000000000a:2,13212,13212,1840352,1840352,0.001,0.001,1.27,1.27
2026-02-27T20:43:58.099546,of:0000000000000006:1 <-> of:000000000000000d:4,14806,14806,1996648,1996648,0.001,0.001,1.27,1.27
2026-02-27T20:43:58.099546,of:0000000000000003:1 <-> of:000000000000000b:5,15016,15016,2017124,2017124,0.001,0.001,1.27,1.27
2026-02-27T20:43:58.099546,of:0000000000000001:3 <-> of:000000000000000d:1,13271,13271,1846198,1846198,0.001,0.001,1.33,1.33
2026-02-27T20:43:58.099546,of:0000000000000002:1 <-> of:000000000000000b:4,15020,15020,2017434,2017434,0.001,0.001,1.33,1.33
2026-02-27T20:43:58.099546,of:0000000000000001:2 <-> of:000000000000000c:1,13265,13265,1845610,1845610,0.001,0.001,1.33,1.33
2026-02-27T20:43:58.099546,of:0000000000000001:1 <-> of:000000000000000b:1,13269,13269,1845938,1845938,0.001,0.001,1.33,1.33
2026-02-27T20:43:58.099546,of:0000000000000004:1 <-> of:000000000000000c:4,14519,14519,1968502,1968502,0.001,0.001,1.27,1.27
2026-02-27T20:43:58.099546,of:0000000000000005:1 <-> of:000000000000000c:5,14518,14518,1968322,1968322,0.001,0.001,1.33,1.33
2026-02-27T20:43:58.099546,of:000000000000000a:1 <-> of:000000000000000d:6,13180,13180,1843812,1843812,0.001,0.001,1.33,1.33
2026-02-27T20:43:58.099546,of:000000000000000c:3 <-> of:000000000000000d:3,14464,14464,1969644,1969644,0.001,0.001,1.33,1.33
2026-02-27T20:43:58.099546,of:000000000000000b:2 <-> of:000000000000000c:2,14565,14565,1979458,1979458,0.001,0.001,1.33,1.33
2026-02-27T20:43:58.099546,of:0000000000000005:2 <-> of:0000000000000009:3,13500,13500,1862046,1862046,0.001,0.001,1.33,1.33
2026-02-27T20:43:58.099546,of:000000000000000b:3 <-> of:000000000000000d:2,14672,14672,1989964,1989964,0.001,0.001,1.33,1.33
2026-02-27T20:43:58.099546,of:0000000000000004:2 <-> of:0000000000000009:2,13502,13502,1862324,1862324,0.001,0.001,1.27,1.27
2026-02-27T20:43:58.099546,of:0000000000000009:1 <-> of:000000000000000c:6,13182,13182,1837496,1837496,0.001,0.001,1.33,1.33
2026-02-27T20:44:28.130294,of:0000000000000008:1 <-> of:000000000000000b:6,13215,13215,1842204,1842204,0.001,0.001,1.33,1.33
2026-02-27T20:44:28.130294,of:0000000000000003:2 <-> of:0000000000000008:3,13254,13254,1839558,1839558,0.001,0.001,1.33,1.33
2026-02-27T20:44:28.130294,of:0000000000000002:2 <-> of:0000000000000008:2,13254,13254,1839476,1839476,0.001,0.001,1.33,1.33
2026-02-27T20:44:28.130294,of:0000000000000007:1 <-> of:000000000000000d:5,15060,15060,2023180,2023180,0.001,0.001,1.33,1.33
2026-02-27T20:44:28.130294,of:0000000000000007:2 <-> of:000000000000000a:3,13252,13252,1845912,1845912,0.001,0.001,1.33,1.33
2026-02-27T20:44:28.130294,of:0000000000000006:2 <-> of:000000000000000a:2,13252,13252,1845932,1845932,0.001,0.001,1.33,1.33
2026-02-27T20:44:28.130294,of:0000000000000006:1 <-> of:000000000000000d:4,14846,14846,2002228,2002228,0.001,0.001,1.33,1.33
2026-02-27T20:44:28.130294,of:0000000000000003:1 <-> of:000000000000000b:5,15056,15056,2022704,2022704,0.001,0.001,1.33,1.33
2026-02-27T20:44:28.130294,of:0000000000000001:3 <-> of:000000000000000d:1,13311,13311,1851778,1851778,0.001,0.001,1.33,1.33
2026-02-27T20:44:28.130294,of:0000000000000002:1 <-> of:000000000000000b:4,15060,15060,2023014,2023014,0.001,0.001,1.33,1.33
2026-02-27T20:44:28.130294,of:0000000000000001:2 <-> of:000000000000000c:1,13305,13305,1851190,1851190,0.001,0.001,1.33,1.33
2026-02-27T20:44:28.130294,of:0000000000000001:1 <-> of:000000000000000b:1,13309,13309,1851518,1851518,0.001,0.001,1.33,1.33
2026-02-27T20:44:28.130294,of:0000000000000004:1 <-> of:000000000000000c:4,14559,14559,1974082,1974082,0.001,0.001,1.33,1.33
2026-02-27T20:44:28.130294,of:0000000000000005:1 <-> of:000000000000000c:5,14558,14558,1973902,1973902,0.001,0.001,1.33,1.33
2026-02-27T20:44:28.130294,of:000000000000000a:1 <-> of:000000000000000d:6,13220,13220,1849412,1849412,0.001,0.001,1.33,1.33
2026-02-27T20:44:28.130294,of:000000000000000c:3 <-> of:000000000000000d:3,14504,14504,1975244,1975244,0.001,0.001,1.33,1.33
2026-02-27T20:44:28.130294,of:000000000000000b:2 <-> of:000000000000000c:2,14605,14605,1985058,1985058,0.001,0.001,1.33,1.33
2026-02-27T20:44:28.130294,of:0000000000000005:2 <-> of:0000000000000009:3,13540,13540,1867606,1867606,0.001,0.001,1.33,1.33
2026-02-27T20:44:28.130294,of:000000000000000b:3 <-> of:000000000000000d:2,14712,14712,1995564,1995564,0.001,0.001,1.33,1.33
2026-02-27T20:44:28.130294,of:0000000000000004:2 <-> of:0000000000000009:2,13542,13542,1867884,1867884,0.001,0.001,1.33,1.33
2026-02-27T20:44:28.130294,of:0000000000000009:1 <-> of:000000000000000c:6,13222,13222,1843076,1843076,0.001,0.001,1.33,1.33
2026-02-27T20:44:58.158293,of:0000000000000008:1 <-> of:000000000000000b:6,13251,13251,1847226,1847226,0.001,0.001,1.2,1.2
2026-02-27T20:44:58.158293,of:0000000000000003:2 <-> of:0000000000000008:3,13292,13292,1844840,1844840,0.001,0.001,1.27,1.27
2026-02-27T20:44:58.158293,of:0000000000000002:2 <-> of:0000000000000008:2,13290,13290,1844480,1844480,0.001,0.001,1.2,1.2
2026-02-27T20:44:58.158293,of:0000000000000007:1 <-> of:000000000000000d:5,15096,15096,2028202,2028202,0.001,0.001,1.2,1.2
2026-02-27T20:44:58.158293,of:0000000000000007:2 <-> of:000000000000000a:3,13288,13288,1850934,1850934,0.001,0.001,1.2,1.2
2026-02-27T20:44:58.158293,of:0000000000000006:2 <-> of:000000000000000a:2,13290,13290,1851234,1851232,0.001,0.001,1.27,1.27
2026-02-27T20:44:58.158293,of:0000000000000006:1 <-> of:000000000000000d:4,14884,14884,2007530,2007528,0.001,0.001,1.27,1.27
2026-02-27T20:44:58.158293,of:0000000000000003:1 <-> of:000000000000000b:5,15094,15094,2028006,2028004,0.001,0.001,1.27,1.27
2026-02-27T20:44:58.158293,of:0000000000000001:3 <-> of:000000000000000d:1,13347,13347,1856800,1856800,0.001,0.001,1.2,1.2
2026-02-27T20:44:58.158293,of:0000000000000002:1 <-> of:000000000000000b:4,15096,15096,2028036,2028036,0.001,0.001,1.2,1.2
2026-02-27T20:44:58.158293,of:0000000000000001:2 <-> of:000000000000000c:1,13341,13341,1856212,1856212,0.001,0.001,1.2,1.2
2026-02-27T20:44:58.158293,of:0000000000000001:1 <-> of:000000000000000b:1,13345,13345,1856540,1856540,0.001,0.001,1.2,1.2
2026-02-27T20:44:58.158293,of:0000000000000004:1 <-> of:000000000000000c:4,14597,14597,1979384,1979382,0.001,0.001,1.27,1.27
2026-02-27T20:44:58.158293,of:0000000000000005:1 <-> of:000000000000000c:5,14594,14594,1978924,1978924,0.001,0.001,1.2,1.2
2026-02-27T20:44:58.158293,of:000000000000000a:1 <-> of:000000000000000d:6,13256,13256,1854452,1854452,0.001,0.001,1.2,1.2
2026-02-27T20:44:58.158293,of:000000000000000c:3 <-> of:000000000000000d:3,14540,14540,1980284,1980284,0.001,0.001,1.2,1.2
2026-02-27T20:44:58.158293,of:000000000000000b:2 <-> of:000000000000000c:2,14641,14641,1990098,1990098,0.001,0.001,1.2,1.2
2026-02-27T20:44:58.158293,of:0000000000000005:2 <-> of:0000000000000009:3,13576,13576,1872610,1872610,0.001,0.001,1.2,1.2
2026-02-27T20:44:58.158293,of:000000000000000b:3 <-> of:000000000000000d:2,14748,14748,2000604,2000604,0.001,0.001,1.2,1.2
2026-02-27T20:44:58.158293,of:0000000000000004:2 <-> of:0000000000000009:2,13580,13580,1873166,1873166,0.001,0.001,1.27,1.27
2026-02-27T20:44:58.158293,of:0000000000000009:1 <-> of:000000000000000c:6,13258,13258,1848098,1848098,0.001,0.001,1.2,1.2
2026-02-27T20:45:28.180324,of:0000000000000008:1 <-> of:000000000000000b:6,13291,13291,1852806,1852806,0.001,0.001,1.33,1.33
2026-02-27T20:45:28.180324,of:0000000000000003:2 <-> of:0000000000000008:3,13330,13330,1850122,1850122,0.001,0.001,1.27,1.27
2026-02-27T20:45:28.180324,of:0000000000000002:2 <-> of:0000000000000008:2,13330,13330,1850040,1850040,0.001,0.001,1.33,1.33
2026-02-27T20:45:28.180324,of:0000000000000007:1 <-> of:000000000000000d:5,15136,15136,2033782,2033782,0.001,0.001,1.33,1.33
2026-02-27T20:45:28.180324,of:0000000000000007:2 <-> of:000000000000000a:3,13328,13328,1856514,1856514,0.001,0.001,1.33,1.33
2026-02-27T20:45:28.180324,of:0000000000000006:2 <-> of:000000000000000a:2,13328,13328,1856534,1856534,0.001,0.001,1.27,1.27
2026-02-27T20:45:28.180324,of:0000000000000006:1 <-> of:000000000000000d:4,14922,14922,2012830,2012830,0.001,0.001,1.27,1.27
2026-02-27T20:45:28.180324,of:0000000000000003:1 <-> of:000000000000000b:5,15132,15132,2033306,2033306,0.001,0.001,1.27,1.27
2026-02-27T20:45:28.180324,of:0000000000000001:3 <-> of:000000000000000d:1,13387,13387,1862380,1862380,0.001,0.001,1.33,1.33
2026-02-27T20:45:28.180324,of:0000000000000002:1 <-> of:000000000000000b:4,15136,15136,2033616,2033616,0.001,0.001,1.33,1.33
2026-02-27T20:45:28.180324,of:0000000000000001:2 <-> of:000000000000000c:1,13381,13381,1861792,1861792,0.001,0.001,1.33,1.33
2026-02-27T20:45:28.180324,of:0000000000000001:1 <-> of:000000000000000b:1,13385,13385,1862120,1862120,0.001,0.001,1.33,1.33
2026-02-27T20:45:28.180324,of:0000000000000004:1 <-> of:000000000000000c:4,14635,14635,1984684,1984684,0.001,0.001,1.27,1.27
2026-02-27T20:45:28.180324,of:0000000000000005:1 <-> of:000000000000000c:5,14634,14634,1984504,1984504,0.001,0.001,1.33,1.33
2026-02-27T20:45:28.180324,of:000000000000000a:1 <-> of:000000000000000d:6,13296,13296,1860052,1860052,0.001,0.001,1.33,1.33
2026-02-27T20:45:28.180324,of:000000000000000c:3 <-> of:000000000000000d:3,14580,14580,1985884,1985884,0.001,0.001,1.33,1.33
2026-02-27T20:45:28.180324,of:000000000000000b:2 <-> of:000000000000000c:2,14681,14681,1995698,1995698,0.001,0.001,1.33,1.33
2026-02-27T20:45:28.180324,of:0000000000000005:2 <-> of:0000000000000009:3,13616,13616,1878170,1878170,0.001,0.001,1.33,1.33
2026-02-27T20:45:28.180324,of:000000000000000b:3 <-> of:000000000000000d:2,14788,14788,2006204,2006204,0.001,0.001,1.33,1.33
2026-02-27T20:45:28.180324,of:0000000000000004:2 <-> of:0000000000000009:2,13618,13618,1878448,1878448,0.001,0.001,1.27,1.27
2026-02-27T20:45:28.180324,of:0000000000000009:1 <-> of:000000000000000c:6,13298,13298,1853678,1853678,0.001,0.001,1.33,1.33
2026-02-27T20:45:58.254673,of:0000000000000008:1 <-> of:000000000000000b:6,13331,13331,1858386,1858386,0.001,0.001,1.33,1.33
2026-02-27T20:45:58.254673,of:0000000000000003:2 <-> of:0000000000000008:3,13370,13370,1855682,1855682,0.001,0.001,1.33,1.33
2026-02-27T20:45:58.254673,of:0000000000000002:2 <-> of:0000000000000008:2,13370,13370,1855600,1855600,0.001,0.001,1.33,1.33
2026-02-27T20:45:58.254673,of:0000000000000007:1 <-> of:000000000000000d:5,15176,15176,2039362,2039362,0.001,0.001,1.33,1.33
2026-02-27T20:45:58.254673,of:0000000000000007:2 <-> of:000000000000000a:3,13368,13368,1862094,1862094,0.001,0.001,1.33,1.33
2026-02-27T20:45:58.254673,of:0000000000000006:2 <-> of:000000000000000a:2,13368,13368,1862114,1862114,0.001,0.001,1.33,1.33
2026-02-27T20:45:58.254673,of:0000000000000006:1 <-> of:000000000000000d:4,14962,14962,2018410,2018410,0.001,0.001,1.33,1.33
2026-02-27T20:45:58.254673,of:0000000000000003:1 <-> of:000000000000000b:5,15172,15172,2038886,2038886,0.001,0.001,1.33,1.33
2026-02-27T20:45:58.254673,of:0000000000000001:3 <-> of:000000000000000d:1,13427,13427,1867960,1867960,0.001,0.001,1.33,1.33
2026-02-27T20:45:58.254673,of:0000000000000002:1 <-> of:000000000000000b:4,15176,15176,2039196,2039196,0.001,0.001,1.33,1.33
2026-02-27T20:45:58.254673,of:0000000000000001:2 <-> of:000000000000000c:1,13421,13421,1867372,1867372,0.001,0.001,1.33,1.33
2026-02-27T20:45:58.254673,of:0000000000000001:1 <-> of:000000000000000b:1,13425,13425,1867700,1867700,0.001,0.001,1.33,1.33
2026-02-27T20:45:58.254673,of:0000000000000004:1 <-> of:000000000000000c:4,14675,14675,1990264,1990264,0.001,0.001,1.33,1.33
2026-02-27T20:45:58.254673,of:0000000000000005:1 <-> of:000000000000000c:5,14674,14674,1990084,1990084,0.001,0.001,1.33,1.33
2026-02-27T20:45:58.254673,of:000000000000000a:1 <-> of:000000000000000d:6,13336,13336,1865652,1865652,0.001,0.001,1.33,1.33
2026-02-27T20:45:58.254673,of:000000000000000c:3 <-> of:000000000000000d:3,14620,14620,1991484,1991484,0.001,0.001,1.33,1.33
2026-02-27T20:45:58.254673,of:000000000000000b:2 <-> of:000000000000000c:2,14721,14721,2001298,2001298,0.001,0.001,1.33,1.33
2026-02-27T20:45:58.254673,of:0000000000000005:2 <-> of:0000000000000009:3,13656,13656,1883730,1883730,0.001,0.001,1.33,1.33
2026-02-27T20:45:58.254673,of:000000000000000b:3 <-> of:000000000000000d:2,14828,14828,2011804,2011804,0.001,0.001,1.33,1.33
2026-02-27T20:45:58.254673,of:0000000000000004:2 <-> of:0000000000000009:2,13658,13658,1884008,1884008,0.001,0.001,1.33,1.33
2026-02-27T20:45:58.254673,of:0000000000000009:1 <-> of:000000000000000c:6,13338,13338,1859258,1859258,0.001,0.001,1.33,1.33
2026-02-27T20:46:28.283560,of:0000000000000008:1 <-> of:000000000000000b:6,13367,13367,1863408,1863408,0.001,0.001,1.2,1.2
2026-02-27T20:46:28.283560,of:0000000000000003:2 <-> of:0000000000000008:3,13408,13408,1860964,1860964,0.001,0.001,1.27,1.27
2026-02-27T20:46:28.283560,of:0000000000000002:2 <-> of:0000000000000008:2,13406,13406,1860604,1860604,0.001,0.001,1.2,1.2
2026-02-27T20:46:28.283560,of:0000000000000007:1 <-> of:000000000000000d:5,15212,15212,2044384,2044384,0.001,0.001,1.2,1.2
2026-02-27T20:46:28.283560,of:0000000000000007:2 <-> of:000000000000000a:3,13404,13404,1867116,1867116,0.001,0.001,1.2,1.2
2026-02-27T20:46:28.283560,of:0000000000000006:2 <-> of:000000000000000a:2,13406,13406,1867416,1867414,0.001,0.001,1.27,1.27
2026-02-27T20:46:28.283560,of:0000000000000006:1 <-> of:000000000000000d:4,15000,15000,2023712,2023710,0.001,0.001,1.27,1.27
2026-02-27T20:46:28.283560,of:0000000000000003:1 <-> of:000000000000000b:5,15210,15210,2044188,2044186,0.001,0.001,1.27,1.27
2026-02-27T20:46:28.283560,of:0000000000000001:3 <-> of:000000000000000d:1,13463,13463,1872982,1872982,0.001,0.001,1.2,1.2
2026-02-27T20:46:28.283560,of:0000000000000002:1 <-> of:000000000000000b:4,15212,15212,2044218,2044218,0.001,0.001,1.2,1.2
2026-02-27T20:46:28.283560,of:0000000000000001:2 <-> of:000000000000000c:1,13457,13457,1872394,1872394,0.001,0.001,1.2,1.2
2026-02-27T20:46:28.283560,of:0000000000000001:1 <-> of:000000000000000b:1,13461,13461,1872722,1872722,0.001,0.001,1.2,1.2
2026-02-27T20:46:28.283560,of:0000000000000004:1 <-> of:000000000000000c:4,14713,14713,1995566,1995564,0.001,0.001,1.27,1.27
2026-02-27T20:46:28.283560,of:0000000000000005:1 <-> of:000000000000000c:5,14710,14710,1995106,1995106,0.001,0.001,1.2,1.2
2026-02-27T20:46:28.283560,of:000000000000000a:1 <-> of:000000000000000d:6,13372,13372,1870692,1870692,0.001,0.001,1.2,1.2
2026-02-27T20:46:28.283560,of:000000000000000c:3 <-> of:000000000000000d:3,14656,14656,1996524,1996524,0.001,0.001,1.2,1.2
2026-02-27T20:46:28.283560,of:000000000000000b:2 <-> of:000000000000000c:2,14757,14757,2006338,2006338,0.001,0.001,1.2,1.2
2026-02-27T20:46:28.283560,of:0000000000000005:2 <-> of:0000000000000009:3,13692,13692,1888734,1888734,0.001,0.001,1.2,1.2
2026-02-27T20:46:28.283560,of:000000000000000b:3 <-> of:000000000000000d:2,14864,14864,2016844,2016844,0.001,0.001,1.2,1.2
2026-02-27T20:46:28.283560,of:0000000000000004:2 <-> of:0000000000000009:2,13696,13696,1889290,1889290,0.001,0.001,1.27,1.27
2026-02-27T20:46:28.283560,of:0000000000000009:1 <-> of:000000000000000c:6,13374,13374,1864280,1864280,0.001,0.001,1.2,1.2
2026-02-27T20:46:58.306249,of:0000000000000008:1 <-> of:000000000000000b:6,13407,13407,1868988,1868988,0.001,0.001,1.33,1.33
2026-02-27T20:46:58.306249,of:0000000000000003:2 <-> of:0000000000000008:3,13446,13446,1866246,1866246,0.001,0.001,1.27,1.27
2026-02-27T20:46:58.306249,of:0000000000000002:2 <-> of:0000000000000008:2,13446,13446,1866164,1866164,0.001,0.001,1.33,1.33
2026-02-27T20:46:58.306249,of:0000000000000007:1 <-> of:000000000000000d:5,15252,15252,2049964,2049964,0.001,0.001,1.33,1.33
2026-02-27T20:46:58.306249,of:0000000000000007:2 <-> of:000000000000000a:3,13444,13444,1872696,1872696,0.001,0.001,1.33,1.33
2026-02-27T20:46:58.306249,of:0000000000000006:2 <-> of:000000000000000a:2,13444,13444,1872716,1872716,0.001,0.001,1.27,1.27
2026-02-27T20:46:58.306249,of:0000000000000006:1 <-> of:000000000000000d:4,15038,15038,2029012,2029012,0.001,0.001,1.27,1.27
2026-02-27T20:46:58.306249,of:0000000000000003:1 <-> of:000000000000000b:5,15248,15248,2049488,2049488,0.001,0.001,1.27,1.27
2026-02-27T20:46:58.306249,of:0000000000000001:3 <-> of:000000000000000d:1,13503,13503,1878562,1878562,0.001,0.001,1.33,1.33
2026-02-27T20:46:58.306249,of:0000000000000002:1 <-> of:000000000000000b:4,15252,15252,2049798,2049798,0.001,0.001,1.33,1.33
2026-02-27T20:46:58.306249,of:0000000000000001:2 <-> of:000000000000000c:1,13497,13497,1877974,1877974,0.001,0.001,1.33,1.33
2026-02-27T20:46:58.306249,of:0000000000000001:1 <-> of:000000000000000b:1,13501,13501,1878302,1878302,0.001,0.001,1.33,1.33
2026-02-27T20:46:58.306249,of:0000000000000004:1 <-> of:000000000000000c:4,14751,14751,2000866,2000866,0.001,0.001,1.27,1.27
2026-02-27T20:46:58.306249,of:0000000000000005:1 <-> of:000000000000000c:5,14750,14750,2000686,2000686,0.001,0.001,1.33,1.33
2026-02-27T20:46:58.306249,of:000000000000000a:1 <-> of:000000000000000d:6,13412,13412,1876292,1876292,0.001,0.001,1.33,1.33
2026-02-27T20:46:58.306249,of:000000000000000c:3 <-> of:000000000000000d:3,14696,14696,2002124,2002124,0.001,0.001,1.33,1.33
2026-02-27T20:46:58.306249,of:000000000000000b:2 <-> of:000000000000000c:2,14797,14797,2011938,2011938,0.001,0.001,1.33,1.33
2026-02-27T20:46:58.306249,of:0000000000000005:2 <-> of:0000000000000009:3,13732,13732,1894294,1894294,0.001,0.001,1.33,1.33
2026-02-27T20:46:58.306249,of:000000000000000b:3 <-> of:000000000000000d:2,14904,14904,2022444,2022444,0.001,0.001,1.33,1.33
2026-02-27T20:46:58.306249,of:0000000000000004:2 <-> of:0000000000000009:2,13734,13734,1894572,1894572,0.001,0.001,1.27,1.27
2026-02-27T20:46:58.306249,of:0000000000000009:1 <-> of:000000000000000c:6,13414,13414,1869860,1869860,0.001,0.001,1.33,1.33
2026-02-27T20:47:28.331252,of:0000000000000008:1 <-> of:000000000000000b:6,13447,13447,1874568,1874568,0.001,0.001,1.33,1.33
2026-02-27T20:47:28.331252,of:0000000000000003:2 <-> of:0000000000000008:3,13486,13486,1871806,1871806,0.001,0.001,1.33,1.33
2026-02-27T20:47:28.331252,of:0000000000000002:2 <-> of:0000000000000008:2,13486,13486,1871724,1871724,0.001,0.001,1.33,1.33
2026-02-27T20:47:28.331252,of:0000000000000007:1 <-> of:000000000000000d:5,15292,15292,2055544,2055544,0.001,0.001,1.33,1.33
2026-02-27T20:47:28.331252,of:0000000000000007:2 <-> of:000000000000000a:3,13484,13484,1878276,1878276,0.001,0.001,1.33,1.33
2026-02-27T20:47:28.331252,of:0000000000000006:2 <-> of:000000000000000a:2,13484,13484,1878296,1878296,0.001,0.001,1.33,1.33
2026-02-27T20:47:28.331252,of:0000000000000006:1 <-> of:000000000000000d:4,15078,15078,2034592,2034592,0.001,0.001,1.33,1.33
2026-02-27T20:47:28.331252,of:0000000000000003:1 <-> of:000000000000000b:5,15288,15288,2055068,2055068,0.001,0.001,1.33,1.33
2026-02-27T20:47:28.331252,of:0000000000000001:3 <-> of:000000000000000d:1,13543,13543,1884142,1884142,0.001,0.001,1.33,1.33
2026-02-27T20:47:28.331252,of:0000000000000002:1 <-> of:000000000000000b:4,15292,15292,2055378,2055378,0.001,0.001,1.33,1.33
2026-02-27T20:47:28.331252,of:0000000000000001:2 <-> of:000000000000000c:1,13537,13537,1883554,1883554,0.001,0.001,1.33,1.33
2026-02-27T20:47:28.331252,of:0000000000000001:1 <-> of:000000000000000b:1,13541,13541,1883882,1883882,0.001,0.001,1.33,1.33
2026-02-27T20:47:28.331252,of:0000000000000004:1 <-> of:000000000000000c:4,14791,14791,2006446,2006446,0.001,0.001,1.33,1.33
2026-02-27T20:47:28.331252,of:0000000000000005:1 <-> of:000000000000000c:5,14790,14790,2006266,2006266,0.001,0.001,1.33,1.33
2026-02-27T20:47:28.331252,of:000000000000000a:1 <-> of:000000000000000d:6,13452,13452,1881892,1881892,0.001,0.001,1.33,1.33
2026-02-27T20:47:28.331252,of:000000000000000c:3 <-> of:000000000000000d:3,14736,14736,2007724,2007724,0.001,0.001,1.33,1.33
2026-02-27T20:47:28.331252,of:000000000000000b:2 <-> of:000000000000000c:2,14837,14837,2017538,2017538,0.001,0.001,1.33,1.33
2026-02-27T20:47:28.331252,of:0000000000000005:2 <-> of:0000000000000009:3,13772,13772,1899854,1899854,0.001,0.001,1.33,1.33
2026-02-27T20:47:28.331252,of:000000000000000b:3 <-> of:000000000000000d:2,14944,14944,2028044,2028044,0.001,0.001,1.33,1.33
2026-02-27T20:47:28.331252,of:0000000000000004:2 <-> of:0000000000000009:2,13774,13774,1900132,1900132,0.001,0.001,1.33,1.33
2026-02-27T20:47:28.331252,of:0000000000000009:1 <-> of:000000000000000c:6,13454,13454,1875440,1875440,0.001,0.001,1.33,1.33
2026-02-27T20:47:58.358238,of:0000000000000008:1 <-> of:000000000000000b:6,13483,13483,1879590,1879590,0.001,0.001,1.2,1.2
2026-02-27T20:47:58.358238,of:0000000000000003:2 <-> of:0000000000000008:3,13524,13524,1877088,1877088,0.001,0.001,1.27,1.27
2026-02-27T20:47:58.358238,of:0000000000000002:2 <-> of:0000000000000008:2,13522,13522,1876728,1876728,0.001,0.001,1.2,1.2
2026-02-27T20:47:58.358238,of:0000000000000007:1 <-> of:000000000000000d:5,15328,15328,2060566,2060566,0.001,0.001,1.2,1.2
2026-02-27T20:47:58.358238,of:0000000000000007:2 <-> of:000000000000000a:3,13520,13520,1883298,1883298,0.001,0.001,1.2,1.2
2026-02-27T20:47:58.358238,of:0000000000000006:2 <-> of:000000000000000a:2,13522,13522,1883598,1883596,0.001,0.001,1.27,1.27
2026-02-27T20:47:58.358238,of:0000000000000006:1 <-> of:000000000000000d:4,15116,15116,2039894,2039892,0.001,0.001,1.27,1.27
2026-02-27T20:47:58.358238,of:0000000000000003:1 <-> of:000000000000000b:5,15326,15326,2060370,2060368,0.001,0.001,1.27,1.27
2026-02-27T20:47:58.358238,of:0000000000000001:3 <-> of:000000000000000d:1,13579,13579,1889164,1889164,0.001,0.001,1.2,1.2
2026-02-27T20:47:58.358238,of:0000000000000002:1 <-> of:000000000000000b:4,15328,15328,2060400,2060400,0.001,0.001,1.2,1.2
2026-02-27T20:47:58.358238,of:0000000000000001:2 <-> of:000000000000000c:1,13573,13573,1888576,1888576,0.001,0.001,1.2,1.2
2026-02-27T20:47:58.358238,of:0000000000000001:1 <-> of:000000000000000b:1,13577,13577,1888904,1888904,0.001,0.001,1.2,1.2
2026-02-27T20:47:58.358238,of:0000000000000004:1 <-> of:000000000000000c:4,14829,14829,2011748,2011746,0.001,0.001,1.27,1.27
2026-02-27T20:47:58.358238,of:0000000000000005:1 <-> of:000000000000000c:5,14826,14826,2011288,2011288,0.001,0.001,1.2,1.2
2026-02-27T20:47:58.358238,of:000000000000000a:1 <-> of:000000000000000d:6,13488,13488,1886932,1886932,0.001,0.001,1.2,1.2
2026-02-27T20:47:58.358238,of:000000000000000c:3 <-> of:000000000000000d:3,14772,14772,2012764,2012764,0.001,0.001,1.2,1.2
2026-02-27T20:47:58.358238,of:000000000000000b:2 <-> of:000000000000000c:2,14873,14873,2022578,2022578,0.001,0.001,1.2,1.2
2026-02-27T20:47:58.358238,of:0000000000000005:2 <-> of:0000000000000009:3,13808,13808,1904858,1904858,0.001,0.001,1.2,1.2
2026-02-27T20:47:58.358238,of:000000000000000b:3 <-> of:000000000000000d:2,14980,14980,2033084,2033084,0.001,0.001,1.2,1.2
2026-02-27T20:47:58.358238,of:0000000000000004:2 <-> of:0000000000000009:2,13812,13812,1905414,1905414,0.001,0.001,1.27,1.27
2026-02-27T20:47:58.358238,of:0000000000000009:1 <-> of:000000000000000c:6,13490,13490,1880462,1880462,0.001,0.001,1.2,1.2
2026-02-27T20:48:28.383044,of:0000000000000008:1 <-> of:000000000000000b:6,13523,13523,1885170,1885170,0.001,0.001,1.33,1.33
2026-02-27T20:48:28.383044,of:0000000000000003:2 <-> of:0000000000000008:3,13562,13562,1882370,1882370,0.001,0.001,1.27,1.27
2026-02-27T20:48:28.383044,of:0000000000000002:2 <-> of:0000000000000008:2,13562,13562,1882288,1882288,0.001,0.001,1.33,1.33
2026-02-27T20:48:28.383044,of:0000000000000007:1 <-> of:000000000000000d:5,15368,15368,2066146,2066146,0.001,0.001,1.33,1.33
2026-02-27T20:48:28.383044,of:0000000000000007:2 <-> of:000000000000000a:3,13560,13560,1888878,1888878,0.001,0.001,1.33,1.33
2026-02-27T20:48:28.383044,of:0000000000000006:2 <-> of:000000000000000a:2,13560,13560,1888898,1888898,0.001,0.001,1.27,1.27
2026-02-27T20:48:28.383044,of:0000000000000006:1 <-> of:000000000000000d:4,15154,15154,2045194,2045194,0.001,0.001,1.27,1.27
2026-02-27T20:48:28.383044,of:0000000000000003:1 <-> of:000000000000000b:5,15364,15364,2065670,2065670,0.001,0.001,1.27,1.27
2026-02-27T20:48:28.383044,of:0000000000000001:3 <-> of:000000000000000d:1,13619,13619,1894744,1894744,0.001,0.001,1.33,1.33
2026-02-27T20:48:28.383044,of:0000000000000002:1 <-> of:000000000000000b:4,15368,15368,2065980,2065980,0.001,0.001,1.33,1.33
2026-02-27T20:48:28.383044,of:0000000000000001:2 <-> of:000000000000000c:1,13613,13613,1894156,1894156,0.001,0.001,1.33,1.33
2026-02-27T20:48:28.383044,of:0000000000000001:1 <-> of:000000000000000b:1,13617,13617,1894484,1894484,0.001,0.001,1.33,1.33
2026-02-27T20:48:28.383044,of:0000000000000004:1 <-> of:000000000000000c:4,14867,14867,2017048,2017048,0.001,0.001,1.27,1.27
2026-02-27T20:48:28.383044,of:0000000000000005:1 <-> of:000000000000000c:5,14866,14866,2016868,2016868,0.001,0.001,1.33,1.33
2026-02-27T20:48:28.383044,of:000000000000000a:1 <-> of:000000000000000d:6,13528,13528,1892532,1892532,0.001,0.001,1.33,1.33
2026-02-27T20:48:28.383044,of:000000000000000c:3 <-> of:000000000000000d:3,14812,14812,2018364,2018364,0.001,0.001,1.33,1.33
2026-02-27T20:48:28.383044,of:000000000000000b:2 <-> of:000000000000000c:2,14913,14913,2028178,2028178,0.001,0.001,1.33,1.33
2026-02-27T20:48:28.383044,of:0000000000000005:2 <-> of:0000000000000009:3,13848,13848,1910418,1910418,0.001,0.001,1.33,1.33
2026-02-27T20:48:28.383044,of:000000000000000b:3 <-> of:000000000000000d:2,15020,15020,2038684,2038684,0.001,0.001,1.33,1.33
2026-02-27T20:48:28.383044,of:0000000000000004:2 <-> of:0000000000000009:2,13850,13850,1910696,1910696,0.001,0.001,1.27,1.27
2026-02-27T20:48:28.383044,of:0000000000000009:1 <-> of:000000000000000c:6,13530,13530,1886042,1886042,0.001,0.001,1.33,1.33
2026-02-27T20:48:58.413710,of:0000000000000008:1 <-> of:000000000000000b:6,13563,13563,1890750,1890750,0.001,0.001,1.33,1.33
2026-02-27T20:48:58.413710,of:0000000000000003:2 <-> of:0000000000000008:3,13602,13602,1887930,1887930,0.001,0.001,1.33,1.33
2026-02-27T20:48:58.413710,of:0000000000000002:2 <-> of:0000000000000008:2,13602,13602,1887848,1887848,0.001,0.001,1.33,1.33
2026-02-27T20:48:58.413710,of:0000000000000007:1 <-> of:000000000000000d:5,15408,15408,2071726,2071726,0.001,0.001,1.33,1.33
2026-02-27T20:48:58.413710,of:0000000000000007:2 <-> of:000000000000000a:3,13600,13600,1894458,1894458,0.001,0.001,1.33,1.33
2026-02-27T20:48:58.413710,of:0000000000000006:2 <-> of:000000000000000a:2,13600,13600,1894478,1894478,0.001,0.001,1.33,1.33
2026-02-27T20:48:58.413710,of:0000000000000006:1 <-> of:000000000000000d:4,15194,15194,2050774,2050774,0.001,0.001,1.33,1.33
2026-02-27T20:48:58.413710,of:0000000000000003:1 <-> of:000000000000000b:5,15404,15404,2071250,2071250,0.001,0.001,1.33,1.33
2026-02-27T20:48:58.413710,of:0000000000000001:3 <-> of:000000000000000d:1,13659,13659,1900324,1900324,0.001,0.001,1.33,1.33
2026-02-27T20:48:58.413710,of:0000000000000002:1 <-> of:000000000000000b:4,15408,15408,2071560,2071560,0.001,0.001,1.33,1.33
2026-02-27T20:48:58.413710,of:0000000000000001:2 <-> of:000000000000000c:1,13653,13653,1899736,1899736,0.001,0.001,1.33,1.33
2026-02-27T20:48:58.413710,of:0000000000000001:1 <-> of:000000000000000b:1,13658,13658,1900134,1900134,0.002,0.002,1.37,1.37
2026-02-27T20:48:58.413710,of:0000000000000004:1 <-> of:000000000000000c:4,14907,14907,2022628,2022628,0.001,0.001,1.33,1.33
2026-02-27T20:48:58.413710,of:0000000000000005:1 <-> of:000000000000000c:5,14906,14906,2022448,2022448,0.001,0.001,1.33,1.33
2026-02-27T20:48:58.413710,of:000000000000000a:1 <-> of:000000000000000d:6,13568,13568,1898132,1898132,0.001,0.001,1.33,1.33
2026-02-27T20:48:58.413710,of:000000000000000c:3 <-> of:000000000000000d:3,14852,14852,2023964,2023964,0.001,0.001,1.33,1.33
2026-02-27T20:48:58.413710,of:000000000000000b:2 <-> of:000000000000000c:2,14953,14953,2033778,2033778,0.001,0.001,1.33,1.33
2026-02-27T20:48:58.413710,of:0000000000000005:2 <-> of:0000000000000009:3,13888,13888,1915978,1915978,0.001,0.001,1.33,1.33
2026-02-27T20:48:58.413710,of:000000000000000b:3 <-> of:000000000000000d:2,15060,15060,2044284,2044284,0.001,0.001,1.33,1.33
2026-02-27T20:48:58.413710,of:0000000000000004:2 <-> of:0000000000000009:2,13890,13890,1916256,1916256,0.001,0.001,1.33,1.33
2026-02-27T20:48:58.413710,of:0000000000000009:1 <-> of:000000000000000c:6,13570,13570,1891622,1891622,0.001,0.001,1.33,1.33
2026-02-27T20:49:28.439088,of:0000000000000008:1 <-> of:000000000000000b:6,13599,13599,1895772,1895772,0.001,0.001,1.2,1.2
2026-02-27T20:49:28.439088,of:0000000000000003:2 <-> of:0000000000000008:3,13640,13640,1893212,1893212,0.001,0.001,1.27,1.27
2026-02-27T20:49:28.439088,of:0000000000000002:2 <-> of:0000000000000008:2,13640,13640,1893130,1893130,0.001,0.001,1.27,1.27
2026-02-27T20:49:28.439088,of:0000000000000007:1 <-> of:000000000000000d:5,15444,15444,2076748,2076748,0.001,0.001,1.2,1.2
2026-02-27T20:49:28.439088,of:0000000000000007:2 <-> of:000000000000000a:3,13636,13636,1899480,1899480,0.001,0.001,1.2,1.2
2026-02-27T20:49:28.439088,of:0000000000000006:2 <-> of:000000000000000a:2,13638,13638,1899780,1899778,0.001,0.001,1.27,1.27
2026-02-27T20:49:28.439088,of:0000000000000006:1 <-> of:000000000000000d:4,15232,15232,2056076,2056074,0.001,0.001,1.27,1.27
2026-02-27T20:49:28.439088,of:0000000000000003:1 <-> of:000000000000000b:5,15442,15442,2076552,2076550,0.001,0.001,1.27,1.27
2026-02-27T20:49:28.439088,of:0000000000000001:3 <-> of:000000000000000d:1,13695,13695,1905346,1905346,0.001,0.001,1.2,1.2
2026-02-27T20:49:28.439088,of:0000000000000002:1 <-> of:000000000000000b:4,15446,15446,2076862,2076860,0.001,0.001,1.27,1.27
2026-02-27T20:49:28.439088,of:0000000000000001:2 <-> of:000000000000000c:1,13689,13689,1904758,1904758,0.001,0.001,1.2,1.2
2026-02-27T20:49:28.439088,of:0000000000000001:1 <-> of:000000000000000b:1,13694,13694,1905156,1905156,0.001,0.001,1.2,1.2
2026-02-27T20:49:28.439088,of:0000000000000004:1 <-> of:000000000000000c:4,14945,14945,2027930,2027928,0.001,0.001,1.27,1.27
2026-02-27T20:49:28.439088,of:0000000000000005:1 <-> of:000000000000000c:5,14944,14944,2027750,2027748,0.001,0.001,1.27,1.27
2026-02-27T20:49:28.439088,of:000000000000000a:1 <-> of:000000000000000d:6,13604,13604,1903172,1903172,0.001,0.001,1.2,1.2
2026-02-27T20:49:28.439088,of:000000000000000c:3 <-> of:000000000000000d:3,14888,14888,2029004,2029004,0.001,0.001,1.2,1.2
2026-02-27T20:49:28.439088,of:000000000000000b:2 <-> of:000000000000000c:2,14989,14989,2038818,2038818,0.001,0.001,1.2,1.2
2026-02-27T20:49:28.439088,of:0000000000000005:2 <-> of:0000000000000009:3,13926,13926,1921260,1921260,0.001,0.001,1.27,1.27
2026-02-27T20:49:28.439088,of:000000000000000b:3 <-> of:000000000000000d:2,15096,15096,2049324,2049324,0.001,0.001,1.2,1.2
2026-02-27T20:49:28.439088,of:0000000000000004:2 <-> of:0000000000000009:2,13928,13928,1921538,1921538,0.001,0.001,1.27,1.27
2026-02-27T20:49:28.439088,of:0000000000000009:1 <-> of:000000000000000c:6,13606,13606,1896644,1896644,0.001,0.001,1.2,1.2
2026-02-27T20:49:58.470904,of:0000000000000008:1 <-> of:000000000000000b:6,13639,13639,1901352,1901352,0.001,0.001,1.33,1.33
2026-02-27T20:49:58.470904,of:0000000000000003:2 <-> of:0000000000000008:3,13678,13678,1898494,1898494,0.001,0.001,1.27,1.27
2026-02-27T20:49:58.470904,of:0000000000000002:2 <-> of:0000000000000008:2,13678,13678,1898412,1898412,0.001,0.001,1.27,1.27
2026-02-27T20:49:58.470904,of:0000000000000007:1 <-> of:000000000000000d:5,15484,15484,2082328,2082328,0.001,0.001,1.33,1.33
2026-02-27T20:49:58.470904,of:0000000000000007:2 <-> of:000000000000000a:3,13676,13676,1905060,1905060,0.001,0.001,1.33,1.33
2026-02-27T20:49:58.470904,of:0000000000000006:2 <-> of:000000000000000a:2,13676,13676,1905080,1905080,0.001,0.001,1.27,1.27
2026-02-27T20:49:58.470904,of:0000000000000006:1 <-> of:000000000000000d:4,15270,15270,2061376,2061376,0.001,0.001,1.27,1.27
2026-02-27T20:49:58.470904,of:0000000000000003:1 <-> of:000000000000000b:5,15480,15480,2081852,2081852,0.001,0.001,1.27,1.27
2026-02-27T20:49:58.470904,of:0000000000000001:3 <-> of:000000000000000d:1,13735,13735,1910926,1910926,0.001,0.001,1.33,1.33
2026-02-27T20:49:58.470904,of:0000000000000002:1 <-> of:000000000000000b:4,15484,15484,2082162,2082162,0.001,0.001,1.27,1.27
2026-02-27T20:49:58.470904,of:0000000000000001:2 <-> of:000000000000000c:1,13729,13729,1910338,1910338,0.001,0.001,1.33,1.33
2026-02-27T20:49:58.470904,of:0000000000000001:1 <-> of:000000000000000b:1,13734,13734,1910736,1910736,0.001,0.001,1.33,1.33
2026-02-27T20:49:58.470904,of:0000000000000004:1 <-> of:000000000000000c:4,14983,14983,2033230,2033230,0.001,0.001,1.27,1.27
2026-02-27T20:49:58.470904,of:0000000000000005:1 <-> of:000000000000000c:5,14982,14982,2033050,2033050,0.001,0.001,1.27,1.27
2026-02-27T20:49:58.470904,of:000000000000000a:1 <-> of:000000000000000d:6,13644,13644,1908772,1908772,0.001,0.001,1.33,1.33
2026-02-27T20:49:58.470904,of:000000000000000c:3 <-> of:000000000000000d:3,14928,14928,2034604,2034604,0.001,0.001,1.33,1.33
2026-02-27T20:49:58.470904,of:000000000000000b:2 <-> of:000000000000000c:2,15029,15029,2044418,2044418,0.001,0.001,1.33,1.33
2026-02-27T20:49:58.470904,of:0000000000000005:2 <-> of:0000000000000009:3,13964,13964,1926542,1926542,0.001,0.001,1.27,1.27
2026-02-27T20:49:58.470904,of:000000000000000b:3 <-> of:000000000000000d:2,15136,15136,2054924,2054924,0.001,0.001,1.33,1.33
2026-02-27T20:49:58.470904,of:0000000000000004:2 <-> of:0000000000000009:2,13966,13966,1926820,1926820,0.001,0.001,1.27,1.27
2026-02-27T20:49:58.470904,of:0000000000000009:1 <-> of:000000000000000c:6,13646,13646,1902224,1902224,0.001,0.001,1.33,1.33
2026-02-27T20:50:28.503788,of:0000000000000008:1 <-> of:000000000000000b:6,13679,13679,1906932,1906932,0.001,0.001,1.33,1.33
2026-02-27T20:50:28.503788,of:0000000000000003:2 <-> of:0000000000000008:3,13718,13718,1904054,1904054,0.001,0.001,1.33,1.33
2026-02-27T20:50:28.503788,of:0000000000000002:2 <-> of:0000000000000008:2,13718,13718,1903972,1903972,0.001,0.001,1.33,1.33
2026-02-27T20:50:28.503788,of:0000000000000007:1 <-> of:000000000000000d:5,15524,15524,2087908,2087908,0.001,0.001,1.33,1.33
2026-02-27T20:50:28.503788,of:0000000000000007:2 <-> of:000000000000000a:3,13716,13716,1910640,1910640,0.001,0.001,1.33,1.33
2026-02-27T20:50:28.503788,of:0000000000000006:2 <-> of:000000000000000a:2,13716,13716,1910660,1910660,0.001,0.001,1.33,1.33
2026-02-27T20:50:28.503788,of:0000000000000006:1 <-> of:000000000000000d:4,15310,15310,2066956,2066956,0.001,0.001,1.33,1.33
2026-02-27T20:50:28.503788,of:0000000000000003:1 <-> of:000000000000000b:5,15520,15520,2087432,2087432,0.001,0.001,1.33,1.33
2026-02-27T20:50:28.503788,of:0000000000000001:3 <-> of:000000000000000d:1,13775,13775,1916506,1916506,0.001,0.001,1.33,1.33
2026-02-27T20:50:28.503788,of:0000000000000002:1 <-> of:000000000000000b:4,15524,15524,2087742,2087742,0.001,0.001,1.33,1.33
2026-02-27T20:50:28.503788,of:0000000000000001:2 <-> of:000000000000000c:1,13769,13769,1915918,1915918,0.001,0.001,1.33,1.33
2026-02-27T20:50:28.503788,of:0000000000000001:1 <-> of:000000000000000b:1,13774,13774,1916316,1916316,0.001,0.001,1.33,1.33
2026-02-27T20:50:28.503788,of:0000000000000004:1 <-> of:000000000000000c:4,15023,15023,2038810,2038810,0.001,0.001,1.33,1.33
2026-02-27T20:50:28.503788,of:0000000000000005:1 <-> of:000000000000000c:5,15022,15022,2038630,2038630,0.001,0.001,1.33,1.33
2026-02-27T20:50:28.503788,of:000000000000000a:1 <-> of:000000000000000d:6,13684,13684,1914372,1914372,0.001,0.001,1.33,1.33
2026-02-27T20:50:28.503788,of:000000000000000c:3 <-> of:000000000000000d:3,14968,14968,2040204,2040204,0.001,0.001,1.33,1.33
2026-02-27T20:50:28.503788,of:000000000000000b:2 <-> of:000000000000000c:2,15069,15069,2050018,2050018,0.001,0.001,1.33,1.33
2026-02-27T20:50:28.503788,of:0000000000000005:2 <-> of:0000000000000009:3,14004,14004,1932102,1932102,0.001,0.001,1.33,1.33
2026-02-27T20:50:28.503788,of:000000000000000b:3 <-> of:000000000000000d:2,15176,15176,2060524,2060524,0.001,0.001,1.33,1.33
2026-02-27T20:50:28.503788,of:0000000000000004:2 <-> of:0000000000000009:2,14006,14006,1932380,1932380,0.001,0.001,1.33,1.33
2026-02-27T20:50:28.503788,of:0000000000000009:1 <-> of:000000000000000c:6,13686,13686,1907804,1907804,0.001,0.001,1.33,1.33
2026-02-27T20:50:58.537691,of:0000000000000008:1 <-> of:000000000000000b:6,13719,13719,1912512,1912512,0.001,0.001,1.33,1.33
2026-02-27T20:50:58.537691,of:0000000000000003:2 <-> of:0000000000000008:3,13758,13758,1909614,1909614,0.001,0.001,1.33,1.33
2026-02-27T20:50:58.537691,of:0000000000000002:2 <-> of:0000000000000008:2,13758,13758,1909532,1909532,0.001,0.001,1.33,1.33
2026-02-27T20:50:58.537691,of:0000000000000007:1 <-> of:000000000000000d:5,15564,15564,2093488,2093488,0.001,0.001,1.33,1.33
2026-02-27T20:50:58.537691,of:0000000000000007:2 <-> of:000000000000000a:3,13756,13756,1916220,1916220,0.001,0.001,1.33,1.33
2026-02-27T20:50:58.537691,of:0000000000000006:2 <-> of:000000000000000a:2,13756,13756,1916240,1916240,0.001,0.001,1.33,1.33
2026-02-27T20:50:58.537691,of:0000000000000006:1 <-> of:000000000000000d:4,15350,15350,2072536,2072536,0.001,0.001,1.33,1.33
2026-02-27T20:50:58.537691,of:0000000000000003:1 <-> of:000000000000000b:5,15560,15560,2093012,2093012,0.001,0.001,1.33,1.33
2026-02-27T20:50:58.537691,of:0000000000000001:3 <-> of:000000000000000d:1,13815,13815,1922086,1922086,0.001,0.001,1.33,1.33
2026-02-27T20:50:58.537691,of:0000000000000002:1 <-> of:000000000000000b:4,15564,15564,2093322,2093322,0.001,0.001,1.33,1.33
2026-02-27T20:50:58.537691,of:0000000000000001:2 <-> of:000000000000000c:1,13809,13809,1921498,1921498,0.001,0.001,1.33,1.33
2026-02-27T20:50:58.537691,of:0000000000000001:1 <-> of:000000000000000b:1,13814,13814,1921896,1921896,0.001,0.001,1.33,1.33
2026-02-27T20:50:58.537691,of:0000000000000004:1 <-> of:000000000000000c:4,15063,15063,2044390,2044390,0.001,0.001,1.33,1.33
2026-02-27T20:50:58.537691,of:0000000000000005:1 <-> of:000000000000000c:5,15062,15062,2044210,2044210,0.001,0.001,1.33,1.33
2026-02-27T20:50:58.537691,of:000000000000000a:1 <-> of:000000000000000d:6,13724,13724,1919972,1919972,0.001,0.001,1.33,1.33
2026-02-27T20:50:58.537691,of:000000000000000c:3 <-> of:000000000000000d:3,15008,15008,2045804,2045804,0.001,0.001,1.33,1.33
2026-02-27T20:50:58.537691,of:000000000000000b:2 <-> of:000000000000000c:2,15109,15109,2055618,2055618,0.001,0.001,1.33,1.33
2026-02-27T20:50:58.537691,of:0000000000000005:2 <-> of:0000000000000009:3,14044,14044,1937662,1937662,0.001,0.001,1.33,1.33
2026-02-27T20:50:58.537691,of:000000000000000b:3 <-> of:000000000000000d:2,15216,15216,2066124,2066124,0.001,0.001,1.33,1.33
2026-02-27T20:50:58.537691,of:0000000000000004:2 <-> of:0000000000000009:2,14046,14046,1937940,1937940,0.001,0.001,1.33,1.33
2026-02-27T20:50:58.537691,of:0000000000000009:1 <-> of:000000000000000c:6,13726,13726,1913384,1913384,0.001,0.001,1.33,1.33
2026-02-27T20:51:28.571230,of:0000000000000008:1 <-> of:000000000000000b:6,13755,13755,1917534,1917534,0.001,0.001,1.2,1.2
2026-02-27T20:51:28.571230,of:0000000000000003:2 <-> of:0000000000000008:3,13794,13794,1914618,1914618,0.001,0.001,1.2,1.2
2026-02-27T20:51:28.571230,of:0000000000000002:2 <-> of:0000000000000008:2,13794,13794,1914536,1914536,0.001,0.001,1.2,1.2
2026-02-27T20:51:28.571230,of:0000000000000007:1 <-> of:000000000000000d:5,15600,15600,2098510,2098510,0.001,0.001,1.2,1.2
2026-02-27T20:51:28.571230,of:0000000000000007:2 <-> of:000000000000000a:3,13792,13792,1921242,1921242,0.001,0.001,1.2,1.2
2026-02-27T20:51:28.571230,of:0000000000000006:2 <-> of:000000000000000a:2,13792,13792,1921262,1921262,0.001,0.001,1.2,1.2
2026-02-27T20:51:28.571230,of:0000000000000006:1 <-> of:000000000000000d:4,15386,15386,2077558,2077558,0.001,0.001,1.2,1.2
2026-02-27T20:51:28.571230,of:0000000000000003:1 <-> of:000000000000000b:5,15596,15596,2098034,2098034,0.001,0.001,1.2,1.2
2026-02-27T20:51:28.571230,of:0000000000000001:3 <-> of:000000000000000d:1,13851,13851,1927108,1927108,0.001,0.001,1.2,1.2
2026-02-27T20:51:28.571230,of:0000000000000002:1 <-> of:000000000000000b:4,15600,15600,2098344,2098344,0.001,0.001,1.2,1.2
2026-02-27T20:51:28.571230,of:0000000000000001:2 <-> of:000000000000000c:1,13845,13845,1926520,1926520,0.001,0.001,1.2,1.2
2026-02-27T20:51:28.571230,of:0000000000000001:1 <-> of:000000000000000b:1,13850,13850,1926918,1926918,0.001,0.001,1.2,1.2
2026-02-27T20:51:28.571230,of:0000000000000004:1 <-> of:000000000000000c:4,15099,15099,2049412,2049412,0.001,0.001,1.2,1.2
2026-02-27T20:51:28.571230,of:0000000000000005:1 <-> of:000000000000000c:5,15098,15098,2049232,2049232,0.001,0.001,1.2,1.2
2026-02-27T20:51:28.571230,of:000000000000000a:1 <-> of:000000000000000d:6,13760,13760,1925012,1925012,0.001,0.001,1.2,1.2
2026-02-27T20:51:28.571230,of:000000000000000c:3 <-> of:000000000000000d:3,15044,15044,2050844,2050844,0.001,0.001,1.2,1.2
2026-02-27T20:51:28.571230,of:000000000000000b:2 <-> of:000000000000000c:2,15145,15145,2060658,2060658,0.001,0.001,1.2,1.2
2026-02-27T20:51:28.571230,of:0000000000000005:2 <-> of:0000000000000009:3,14080,14080,1942666,1942666,0.001,0.001,1.2,1.2
2026-02-27T20:51:28.571230,of:000000000000000b:3 <-> of:000000000000000d:2,15252,15252,2071164,2071164,0.001,0.001,1.2,1.2
2026-02-27T20:51:28.571230,of:0000000000000004:2 <-> of:0000000000000009:2,14082,14082,1942944,1942944,0.001,0.001,1.2,1.2
2026-02-27T20:51:28.571230,of:0000000000000009:1 <-> of:000000000000000c:6,13762,13762,1918406,1918406,0.001,0.001,1.2,1.2
2026-02-27T20:51:58.613383,of:0000000000000008:1 <-> of:000000000000000b:6,13795,13795,1923114,1923114,0.001,0.001,1.33,1.33
2026-02-27T20:51:58.613383,of:0000000000000003:2 <-> of:0000000000000008:3,13834,13834,1920178,1920178,0.001,0.001,1.33,1.33
2026-02-27T20:51:58.613383,of:0000000000000002:2 <-> of:0000000000000008:2,13834,13834,1920096,1920096,0.001,0.001,1.33,1.33
2026-02-27T20:51:58.613383,of:0000000000000007:1 <-> of:000000000000000d:5,15640,15640,2104090,2104090,0.001,0.001,1.33,1.33
2026-02-27T20:51:58.613383,of:0000000000000007:2 <-> of:000000000000000a:3,13832,13832,1926822,1926822,0.001,0.001,1.33,1.33
2026-02-27T20:51:58.613383,of:0000000000000006:2 <-> of:000000000000000a:2,13832,13832,1926842,1926842,0.001,0.001,1.33,1.33
2026-02-27T20:51:58.613383,of:0000000000000006:1 <-> of:000000000000000d:4,15426,15426,2083138,2083138,0.001,0.001,1.33,1.33
2026-02-27T20:51:58.613383,of:0000000000000003:1 <-> of:000000000000000b:5,15636,15636,2103614,2103614,0.001,0.001,1.33,1.33
2026-02-27T20:51:58.613383,of:0000000000000001:3 <-> of:000000000000000d:1,13891,13891,1932688,1932688,0.001,0.001,1.33,1.33
2026-02-27T20:51:58.613383,of:0000000000000002:1 <-> of:000000000000000b:4,15640,15640,2103924,2103924,0.001,0.001,1.33,1.33
2026-02-27T20:51:58.613383,of:0000000000000001:2 <-> of:000000000000000c:1,13885,13885,1932100,1932100,0.001,0.001,1.33,1.33
2026-02-27T20:51:58.613383,of:0000000000000001:1 <-> of:000000000000000b:1,13890,13890,1932498,1932498,0.001,0.001,1.33,1.33
2026-02-27T20:51:58.613383,of:0000000000000004:1 <-> of:000000000000000c:4,15139,15139,2054992,2054992,0.001,0.001,1.33,1.33
2026-02-27T20:51:58.613383,of:0000000000000005:1 <-> of:000000000000000c:5,15138,15138,2054812,2054812,0.001,0.001,1.33,1.33
2026-02-27T20:51:58.613383,of:000000000000000a:1 <-> of:000000000000000d:6,13800,13800,1930612,1930612,0.001,0.001,1.33,1.33
2026-02-27T20:51:58.613383,of:000000000000000c:3 <-> of:000000000000000d:3,15084,15084,2056444,2056444,0.001,0.001,1.33,1.33
2026-02-27T20:51:58.613383,of:000000000000000b:2 <-> of:000000000000000c:2,15185,15185,2066258,2066258,0.001,0.001,1.33,1.33
2026-02-27T20:51:58.613383,of:0000000000000005:2 <-> of:0000000000000009:3,14120,14120,1948226,1948226,0.001,0.001,1.33,1.33
2026-02-27T20:51:58.613383,of:000000000000000b:3 <-> of:000000000000000d:2,15292,15292,2076764,2076764,0.001,0.001,1.33,1.33
2026-02-27T20:51:58.613383,of:0000000000000004:2 <-> of:0000000000000009:2,14122,14122,1948504,1948504,0.001,0.001,1.33,1.33
2026-02-27T20:51:58.613383,of:0000000000000009:1 <-> of:000000000000000c:6,13802,13802,1923986,1923986,0.001,0.001,1.33,1.33
2026-02-27T20:52:28.640287,of:0000000000000008:1 <-> of:000000000000000b:6,13835,13835,1928694,1928694,0.001,0.001,1.33,1.33
2026-02-27T20:52:28.640287,of:0000000000000003:2 <-> of:0000000000000008:3,13874,13874,1925738,1925738,0.001,0.001,1.33,1.33
2026-02-27T20:52:28.640287,of:0000000000000002:2 <-> of:0000000000000008:2,13874,13874,1925656,1925656,0.001,0.001,1.33,1.33
2026-02-27T20:52:28.640287,of:0000000000000007:1 <-> of:000000000000000d:5,15680,15680,2109670,2109670,0.001,0.001,1.33,1.33
2026-02-27T20:52:28.640287,of:0000000000000007:2 <-> of:000000000000000a:3,13872,13872,1932402,1932402,0.001,0.001,1.33,1.33
2026-02-27T20:52:28.640287,of:0000000000000006:2 <-> of:000000000000000a:2,13872,13872,1932422,1932422,0.001,0.001,1.33,1.33
2026-02-27T20:52:28.640287,of:0000000000000006:1 <-> of:000000000000000d:4,15466,15466,2088718,2088718,0.001,0.001,1.33,1.33
2026-02-27T20:52:28.640287,of:0000000000000003:1 <-> of:000000000000000b:5,15676,15676,2109194,2109194,0.001,0.001,1.33,1.33
2026-02-27T20:52:28.640287,of:0000000000000001:3 <-> of:000000000000000d:1,13931,13931,1938268,1938268,0.001,0.001,1.33,1.33
2026-02-27T20:52:28.640287,of:0000000000000002:1 <-> of:000000000000000b:4,15680,15680,2109504,2109504,0.001,0.001,1.33,1.33
2026-02-27T20:52:28.640287,of:0000000000000001:2 <-> of:000000000000000c:1,13925,13925,1937680,1937680,0.001,0.001,1.33,1.33
2026-02-27T20:52:28.640287,of:0000000000000001:1 <-> of:000000000000000b:1,13930,13930,1938078,1938078,0.001,0.001,1.33,1.33
2026-02-27T20:52:28.640287,of:0000000000000004:1 <-> of:000000000000000c:4,15179,15179,2060572,2060572,0.001,0.001,1.33,1.33
2026-02-27T20:52:28.640287,of:0000000000000005:1 <-> of:000000000000000c:5,15178,15178,2060392,2060392,0.001,0.001,1.33,1.33
2026-02-27T20:52:28.640287,of:000000000000000a:1 <-> of:000000000000000d:6,13840,13840,1936212,1936212,0.001,0.001,1.33,1.33
2026-02-27T20:52:28.640287,of:000000000000000c:3 <-> of:000000000000000d:3,15124,15124,2062044,2062044,0.001,0.001,1.33,1.33
2026-02-27T20:52:28.640287,of:000000000000000b:2 <-> of:000000000000000c:2,15225,15225,2071858,2071858,0.001,0.001,1.33,1.33
2026-02-27T20:52:28.640287,of:0000000000000005:2 <-> of:0000000000000009:3,14160,14160,1953786,1953786,0.001,0.001,1.33,1.33
2026-02-27T20:52:28.640287,of:000000000000000b:3 <-> of:000000000000000d:2,15332,15332,2082364,2082364,0.001,0.001,1.33,1.33
2026-02-27T20:52:28.640287,of:0000000000000004:2 <-> of:0000000000000009:2,14162,14162,1954064,1954064,0.001,0.001,1.33,1.33
2026-02-27T20:52:28.640287,of:0000000000000009:1 <-> of:000000000000000c:6,13842,13842,1929566,1929566,0.001,0.001,1.33,1.33
2026-02-27T20:52:58.692752,of:0000000000000008:1 <-> of:000000000000000b:6,13871,13871,1933716,1933716,0.001,0.001,1.2,1.2
2026-02-27T20:52:58.692752,of:0000000000000003:2 <-> of:0000000000000008:3,13910,13910,1930742,1930742,0.001,0.001,1.2,1.2
2026-02-27T20:52:58.692752,of:0000000000000002:2 <-> of:0000000000000008:2,13910,13910,1930660,1930660,0.001,0.001,1.2,1.2
2026-02-27T20:52:58.692752,of:0000000000000007:1 <-> of:000000000000000d:5,15716,15716,2114692,2114692,0.001,0.001,1.2,1.2
2026-02-27T20:52:58.692752,of:0000000000000007:2 <-> of:000000000000000a:3,13908,13908,1937424,1937424,0.001,0.001,1.2,1.2
2026-02-27T20:52:58.692752,of:0000000000000006:2 <-> of:000000000000000a:2,13908,13908,1937444,1937444,0.001,0.001,1.2,1.2
2026-02-27T20:52:58.692752,of:0000000000000006:1 <-> of:000000000000000d:4,15502,15502,2093740,2093740,0.001,0.001,1.2,1.2
2026-02-27T20:52:58.692752,of:0000000000000003:1 <-> of:000000000000000b:5,15712,15712,2114216,2114216,0.001,0.001,1.2,1.2
2026-02-27T20:52:58.692752,of:0000000000000001:3 <-> of:000000000000000d:1,13967,13967,1943290,1943290,0.001,0.001,1.2,1.2
2026-02-27T20:52:58.692752,of:0000000000000002:1 <-> of:000000000000000b:4,15716,15716,2114526,2114526,0.001,0.001,1.2,1.2
2026-02-27T20:52:58.692752,of:0000000000000001:2 <-> of:000000000000000c:1,13961,13961,1942702,1942702,0.001,0.001,1.2,1.2
2026-02-27T20:52:58.692752,of:0000000000000001:1 <-> of:000000000000000b:1,13966,13966,1943100,1943100,0.001,0.001,1.2,1.2
2026-02-27T20:52:58.692752,of:0000000000000004:1 <-> of:000000000000000c:4,15215,15215,2065594,2065594,0.001,0.001,1.2,1.2
2026-02-27T20:52:58.692752,of:0000000000000005:1 <-> of:000000000000000c:5,15214,15214,2065414,2065414,0.001,0.001,1.2,1.2
2026-02-27T20:52:58.692752,of:000000000000000a:1 <-> of:000000000000000d:6,13876,13876,1941252,1941252,0.001,0.001,1.2,1.2
2026-02-27T20:52:58.692752,of:000000000000000c:3 <-> of:000000000000000d:3,15160,15160,2067084,2067084,0.001,0.001,1.2,1.2
2026-02-27T20:52:58.692752,of:000000000000000b:2 <-> of:000000000000000c:2,15261,15261,2076898,2076898,0.001,0.001,1.2,1.2
2026-02-27T20:52:58.692752,of:0000000000000005:2 <-> of:0000000000000009:3,14196,14196,1958790,1958790,0.001,0.001,1.2,1.2
2026-02-27T20:52:58.692752,of:000000000000000b:3 <-> of:000000000000000d:2,15368,15368,2087404,2087404,0.001,0.001,1.2,1.2
2026-02-27T20:52:58.692752,of:0000000000000004:2 <-> of:0000000000000009:2,14198,14198,1959068,1959068,0.001,0.001,1.2,1.2
2026-02-27T20:52:58.692752,of:0000000000000009:1 <-> of:000000000000000c:6,13878,13878,1934588,1934588,0.001,0.001,1.2,1.2
2026-02-27T20:53:28.779826,of:0000000000000008:1 <-> of:000000000000000b:6,13911,13911,1939296,1939296,0.001,0.001,1.33,1.33
2026-02-27T20:53:28.779826,of:0000000000000003:2 <-> of:0000000000000008:3,13950,13950,1936302,1936302,0.001,0.001,1.33,1.33
2026-02-27T20:53:28.779826,of:0000000000000002:2 <-> of:0000000000000008:2,13950,13950,1936220,1936220,0.001,0.001,1.33,1.33
2026-02-27T20:53:28.779826,of:0000000000000007:1 <-> of:000000000000000d:5,15756,15756,2120272,2120272,0.001,0.001,1.33,1.33
2026-02-27T20:53:28.779826,of:0000000000000007:2 <-> of:000000000000000a:3,13948,13948,1943004,1943004,0.001,0.001,1.33,1.33
2026-02-27T20:53:28.779826,of:0000000000000006:2 <-> of:000000000000000a:2,13948,13948,1943024,1943024,0.001,0.001,1.33,1.33
2026-02-27T20:53:28.779826,of:0000000000000006:1 <-> of:000000000000000d:4,15542,15542,2099320,2099320,0.001,0.001,1.33,1.33
2026-02-27T20:53:28.779826,of:0000000000000003:1 <-> of:000000000000000b:5,15752,15752,2119796,2119796,0.001,0.001,1.33,1.33
2026-02-27T20:53:28.779826,of:0000000000000001:3 <-> of:000000000000000d:1,14007,14007,1948870,1948870,0.001,0.001,1.33,1.33
2026-02-27T20:53:28.779826,of:0000000000000002:1 <-> of:000000000000000b:4,15756,15756,2120106,2120106,0.001,0.001,1.33,1.33
2026-02-27T20:53:28.779826,of:0000000000000001:2 <-> of:000000000000000c:1,14001,14001,1948282,1948282,0.001,0.001,1.33,1.33
2026-02-27T20:53:28.779826,of:0000000000000001:1 <-> of:000000000000000b:1,14006,14006,1948680,1948680,0.001,0.001,1.33,1.33
2026-02-27T20:53:28.779826,of:0000000000000004:1 <-> of:000000000000000c:4,15255,15255,2071174,2071174,0.001,0.001,1.33,1.33
2026-02-27T20:53:28.779826,of:0000000000000005:1 <-> of:000000000000000c:5,15254,15254,2070994,2070994,0.001,0.001,1.33,1.33
2026-02-27T20:53:28.779826,of:000000000000000a:1 <-> of:000000000000000d:6,13916,13916,1946852,1946852,0.001,0.001,1.33,1.33
2026-02-27T20:53:28.779826,of:000000000000000c:3 <-> of:000000000000000d:3,15200,15200,2072684,2072684,0.001,0.001,1.33,1.33
2026-02-27T20:53:28.779826,of:000000000000000b:2 <-> of:000000000000000c:2,15301,15301,2082498,2082498,0.001,0.001,1.33,1.33
2026-02-27T20:53:28.779826,of:0000000000000005:2 <-> of:0000000000000009:3,14236,14236,1964350,1964350,0.001,0.001,1.33,1.33
2026-02-27T20:53:28.779826,of:000000000000000b:3 <-> of:000000000000000d:2,15408,15408,2093004,2093004,0.001,0.001,1.33,1.33
2026-02-27T20:53:28.779826,of:0000000000000004:2 <-> of:0000000000000009:2,14238,14238,1964628,1964628,0.001,0.001,1.33,1.33
2026-02-27T20:53:28.779826,of:0000000000000009:1 <-> of:000000000000000c:6,13918,13918,1940168,1940168,0.001,0.001,1.33,1.33
2026-02-27T20:53:58.815960,of:0000000000000008:1 <-> of:000000000000000b:6,13951,13951,1944876,1944876,0.001,0.001,1.33,1.33
2026-02-27T20:53:58.815960,of:0000000000000003:2 <-> of:0000000000000008:3,13990,13990,1941862,1941862,0.001,0.001,1.33,1.33
2026-02-27T20:53:58.815960,of:0000000000000002:2 <-> of:0000000000000008:2,13990,13990,1941780,1941780,0.001,0.001,1.33,1.33
2026-02-27T20:53:58.815960,of:0000000000000007:1 <-> of:000000000000000d:5,15796,15796,2125852,2125852,0.001,0.001,1.33,1.33
2026-02-27T20:53:58.815960,of:0000000000000007:2 <-> of:000000000000000a:3,13988,13988,1948584,1948584,0.001,0.001,1.33,1.33
2026-02-27T20:53:58.815960,of:0000000000000006:2 <-> of:000000000000000a:2,13988,13988,1948604,1948604,0.001,0.001,1.33,1.33
2026-02-27T20:53:58.815960,of:0000000000000006:1 <-> of:000000000000000d:4,15582,15582,2104900,2104900,0.001,0.001,1.33,1.33
2026-02-27T20:53:58.815960,of:0000000000000003:1 <-> of:000000000000000b:5,15792,15792,2125376,2125376,0.001,0.001,1.33,1.33
2026-02-27T20:53:58.815960,of:0000000000000001:3 <-> of:000000000000000d:1,14047,14047,1954450,1954450,0.001,0.001,1.33,1.33
2026-02-27T20:53:58.815960,of:0000000000000002:1 <-> of:000000000000000b:4,15796,15796,2125686,2125686,0.001,0.001,1.33,1.33
2026-02-27T20:53:58.815960,of:0000000000000001:2 <-> of:000000000000000c:1,14041,14041,1953862,1953862,0.001,0.001,1.33,1.33
2026-02-27T20:53:58.815960,of:0000000000000001:1 <-> of:000000000000000b:1,14046,14046,1954260,1954260,0.001,0.001,1.33,1.33
2026-02-27T20:53:58.815960,of:0000000000000004:1 <-> of:000000000000000c:4,15295,15295,2076754,2076754,0.001,0.001,1.33,1.33
2026-02-27T20:53:58.815960,of:0000000000000005:1 <-> of:000000000000000c:5,15294,15294,2076574,2076574,0.001,0.001,1.33,1.33
2026-02-27T20:53:58.815960,of:000000000000000a:1 <-> of:000000000000000d:6,13956,13956,1952452,1952452,0.001,0.001,1.33,1.33
2026-02-27T20:53:58.815960,of:000000000000000c:3 <-> of:000000000000000d:3,15240,15240,2078284,2078284,0.001,0.001,1.33,1.33
2026-02-27T20:53:58.815960,of:000000000000000b:2 <-> of:000000000000000c:2,15341,15341,2088098,2088098,0.001,0.001,1.33,1.33
2026-02-27T20:53:58.815960,of:0000000000000005:2 <-> of:0000000000000009:3,14276,14276,1969910,1969910,0.001,0.001,1.33,1.33
2026-02-27T20:53:58.815960,of:000000000000000b:3 <-> of:000000000000000d:2,15448,15448,2098604,2098604,0.001,0.001,1.33,1.33
2026-02-27T20:53:58.815960,of:0000000000000004:2 <-> of:0000000000000009:2,14278,14278,1970188,1970188,0.001,0.001,1.33,1.33
2026-02-27T20:53:58.815960,of:0000000000000009:1 <-> of:000000000000000c:6,13958,13958,1945748,1945748,0.001,0.001,1.33,1.33
2026-02-27T20:54:28.843405,of:0000000000000008:1 <-> of:000000000000000b:6,13987,13987,1949898,1949898,0.001,0.001,1.2,1.2
2026-02-27T20:54:28.843405,of:0000000000000003:2 <-> of:0000000000000008:3,14026,14026,1946866,1946866,0.001,0.001,1.2,1.2
2026-02-27T20:54:28.843405,of:0000000000000002:2 <-> of:0000000000000008:2,14026,14026,1946784,1946784,0.001,0.001,1.2,1.2
2026-02-27T20:54:28.843405,of:0000000000000007:1 <-> of:000000000000000d:5,15832,15832,2130874,2130874,0.001,0.001,1.2,1.2
2026-02-27T20:54:28.843405,of:0000000000000007:2 <-> of:000000000000000a:3,14024,14024,1953606,1953606,0.001,0.001,1.2,1.2
2026-02-27T20:54:28.843405,of:0000000000000006:2 <-> of:000000000000000a:2,14024,14024,1953626,1953626,0.001,0.001,1.2,1.2
2026-02-27T20:54:28.843405,of:0000000000000006:1 <-> of:000000000000000d:4,15618,15618,2109922,2109922,0.001,0.001,1.2,1.2
2026-02-27T20:54:28.843405,of:0000000000000003:1 <-> of:000000000000000b:5,15828,15828,2130398,2130398,0.001,0.001,1.2,1.2
2026-02-27T20:54:28.843405,of:0000000000000001:3 <-> of:000000000000000d:1,14083,14083,1959472,1959472,0.001,0.001,1.2,1.2
2026-02-27T20:54:28.843405,of:0000000000000002:1 <-> of:000000000000000b:4,15832,15832,2130708,2130708,0.001,0.001,1.2,1.2
2026-02-27T20:54:28.843405,of:0000000000000001:2 <-> of:000000000000000c:1,14077,14077,1958884,1958884,0.001,0.001,1.2,1.2
2026-02-27T20:54:28.843405,of:0000000000000001:1 <-> of:000000000000000b:1,14082,14082,1959282,1959282,0.001,0.001,1.2,1.2
2026-02-27T20:54:28.843405,of:0000000000000004:1 <-> of:000000000000000c:4,15331,15331,2081776,2081776,0.001,0.001,1.2,1.2
2026-02-27T20:54:28.843405,of:0000000000000005:1 <-> of:000000000000000c:5,15330,15330,2081596,2081596,0.001,0.001,1.2,1.2
2026-02-27T20:54:28.843405,of:000000000000000a:1 <-> of:000000000000000d:6,13992,13992,1957492,1957492,0.001,0.001,1.2,1.2
2026-02-27T20:54:28.843405,of:000000000000000c:3 <-> of:000000000000000d:3,15276,15276,2083324,2083324,0.001,0.001,1.2,1.2
2026-02-27T20:54:28.843405,of:000000000000000b:2 <-> of:000000000000000c:2,15377,15377,2093138,2093138,0.001,0.001,1.2,1.2
2026-02-27T20:54:28.843405,of:0000000000000005:2 <-> of:0000000000000009:3,14312,14312,1974914,1974914,0.001,0.001,1.2,1.2
2026-02-27T20:54:28.843405,of:000000000000000b:3 <-> of:000000000000000d:2,15484,15484,2103644,2103644,0.001,0.001,1.2,1.2
2026-02-27T20:54:28.843405,of:0000000000000004:2 <-> of:0000000000000009:2,14314,14314,1975192,1975192,0.001,0.001,1.2,1.2
2026-02-27T20:54:28.843405,of:0000000000000009:1 <-> of:000000000000000c:6,13994,13994,1950770,1950770,0.001,0.001,1.2,1.2
2026-02-27T20:54:58.867757,of:0000000000000008:1 <-> of:000000000000000b:6,14027,14027,1955478,1955478,0.001,0.001,1.33,1.33
2026-02-27T20:54:58.867757,of:0000000000000003:2 <-> of:0000000000000008:3,14066,14066,1952426,1952426,0.001,0.001,1.33,1.33
2026-02-27T20:54:58.867757,of:0000000000000002:2 <-> of:0000000000000008:2,14066,14066,1952344,1952344,0.001,0.001,1.33,1.33
2026-02-27T20:54:58.867757,of:0000000000000007:1 <-> of:000000000000000d:5,15872,15872,2136454,2136454,0.001,0.001,1.33,1.33
2026-02-27T20:54:58.867757,of:0000000000000007:2 <-> of:000000000000000a:3,14064,14064,1959186,1959186,0.001,0.001,1.33,1.33
2026-02-27T20:54:58.867757,of:0000000000000006:2 <-> of:000000000000000a:2,14064,14064,1959206,1959206,0.001,0.001,1.33,1.33
2026-02-27T20:54:58.867757,of:0000000000000006:1 <-> of:000000000000000d:4,15658,15658,2115502,2115502,0.001,0.001,1.33,1.33
2026-02-27T20:54:58.867757,of:0000000000000003:1 <-> of:000000000000000b:5,15868,15868,2135978,2135978,0.001,0.001,1.33,1.33
2026-02-27T20:54:58.867757,of:0000000000000001:3 <-> of:000000000000000d:1,14123,14123,1965052,1965052,0.001,0.001,1.33,1.33
2026-02-27T20:54:58.867757,of:0000000000000002:1 <-> of:000000000000000b:4,15872,15872,2136288,2136288,0.001,0.001,1.33,1.33
2026-02-27T20:54:58.867757,of:0000000000000001:2 <-> of:000000000000000c:1,14117,14117,1964464,1964464,0.001,0.001,1.33,1.33
2026-02-27T20:54:58.867757,of:0000000000000001:1 <-> of:000000000000000b:1,14122,14122,1964862,1964862,0.001,0.001,1.33,1.33
2026-02-27T20:54:58.867757,of:0000000000000004:1 <-> of:000000000000000c:4,15371,15371,2087356,2087356,0.001,0.001,1.33,1.33
2026-02-27T20:54:58.867757,of:0000000000000005:1 <-> of:000000000000000c:5,15370,15370,2087176,2087176,0.001,0.001,1.33,1.33
2026-02-27T20:54:58.867757,of:000000000000000a:1 <-> of:000000000000000d:6,14032,14032,1963092,1963092,0.001,0.001,1.33,1.33
2026-02-27T20:54:58.867757,of:000000000000000c:3 <-> of:000000000000000d:3,15316,15316,2088924,2088924,0.001,0.001,1.33,1.33
2026-02-27T20:54:58.867757,of:000000000000000b:2 <-> of:000000000000000c:2,15417,15417,2098738,2098738,0.001,0.001,1.33,1.33
2026-02-27T20:54:58.867757,of:0000000000000005:2 <-> of:0000000000000009:3,14352,14352,1980474,1980474,0.001,0.001,1.33,1.33
2026-02-27T20:54:58.867757,of:000000000000000b:3 <-> of:000000000000000d:2,15524,15524,2109244,2109244,0.001,0.001,1.33,1.33
2026-02-27T20:54:58.867757,of:0000000000000004:2 <-> of:0000000000000009:2,14354,14354,1980752,1980752,0.001,0.001,1.33,1.33
2026-02-27T20:54:58.867757,of:0000000000000009:1 <-> of:000000000000000c:6,14034,14034,1956350,1956350,0.001,0.001,1.33,1.33
2026-02-27T20:55:28.905656,of:0000000000000008:1 <-> of:000000000000000b:6,14067,14067,1961058,1961058,0.001,0.001,1.33,1.33
2026-02-27T20:55:28.905656,of:0000000000000003:2 <-> of:0000000000000008:3,14106,14106,1957986,1957986,0.001,0.001,1.33,1.33
2026-02-27T20:55:28.905656,of:0000000000000002:2 <-> of:0000000000000008:2,14106,14106,1957904,1957904,0.001,0.001,1.33,1.33
2026-02-27T20:55:28.905656,of:0000000000000007:1 <-> of:000000000000000d:5,15912,15912,2142034,2142034,0.001,0.001,1.33,1.33
2026-02-27T20:55:28.905656,of:0000000000000007:2 <-> of:000000000000000a:3,14104,14104,1964766,1964766,0.001,0.001,1.33,1.33
2026-02-27T20:55:28.905656,of:0000000000000006:2 <-> of:000000000000000a:2,14104,14104,1964786,1964786,0.001,0.001,1.33,1.33
2026-02-27T20:55:28.905656,of:0000000000000006:1 <-> of:000000000000000d:4,15698,15698,2121082,2121082,0.001,0.001,1.33,1.33
2026-02-27T20:55:28.905656,of:0000000000000003:1 <-> of:000000000000000b:5,15908,15908,2141558,2141558,0.001,0.001,1.33,1.33
2026-02-27T20:55:28.905656,of:0000000000000001:3 <-> of:000000000000000d:1,14163,14163,1970632,1970632,0.001,0.001,1.33,1.33
2026-02-27T20:55:28.905656,of:0000000000000002:1 <-> of:000000000000000b:4,15912,15912,2141868,2141868,0.001,0.001,1.33,1.33
2026-02-27T20:55:28.905656,of:0000000000000001:2 <-> of:000000000000000c:1,14157,14157,1970044,1970044,0.001,0.001,1.33,1.33
2026-02-27T20:55:28.905656,of:0000000000000001:1 <-> of:000000000000000b:1,14162,14162,1970442,1970442,0.001,0.001,1.33,1.33
2026-02-27T20:55:28.905656,of:0000000000000004:1 <-> of:000000000000000c:4,15411,15411,2092936,2092936,0.001,0.001,1.33,1.33
2026-02-27T20:55:28.905656,of:0000000000000005:1 <-> of:000000000000000c:5,15410,15410,2092756,2092756,0.001,0.001,1.33,1.33
2026-02-27T20:55:28.905656,of:000000000000000a:1 <-> of:000000000000000d:6,14072,14072,1968692,1968692,0.001,0.001,1.33,1.33
2026-02-27T20:55:28.905656,of:000000000000000c:3 <-> of:000000000000000d:3,15356,15356,2094524,2094524,0.001,0.001,1.33,1.33
2026-02-27T20:55:28.905656,of:000000000000000b:2 <-> of:000000000000000c:2,15457,15457,2104338,2104338,0.001,0.001,1.33,1.33
2026-02-27T20:55:28.905656,of:0000000000000005:2 <-> of:0000000000000009:3,14392,14392,1986034,1986034,0.001,0.001,1.33,1.33
2026-02-27T20:55:28.905656,of:000000000000000b:3 <-> of:000000000000000d:2,15564,15564,2114844,2114844,0.001,0.001,1.33,1.33
2026-02-27T20:55:28.905656,of:0000000000000004:2 <-> of:0000000000000009:2,14394,14394,1986312,1986312,0.001,0.001,1.33,1.33
2026-02-27T20:55:28.905656,of:0000000000000009:1 <-> of:000000000000000c:6,14074,14074,1961930,1961930,0.001,0.001,1.33,1.33
2026-02-27T20:55:58.951383,of:0000000000000008:1 <-> of:000000000000000b:6,14103,14103,1966080,1966080,0.001,0.001,1.2,1.2
2026-02-27T20:55:58.951383,of:0000000000000003:2 <-> of:0000000000000008:3,14142,14142,1962990,1962990,0.001,0.001,1.2,1.2
2026-02-27T20:55:58.951383,of:0000000000000002:2 <-> of:0000000000000008:2,14142,14142,1962908,1962908,0.001,0.001,1.2,1.2
2026-02-27T20:55:58.951383,of:0000000000000007:1 <-> of:000000000000000d:5,15948,15948,2147056,2147056,0.001,0.001,1.2,1.2
2026-02-27T20:55:58.951383,of:0000000000000007:2 <-> of:000000000000000a:3,14140,14140,1969788,1969788,0.001,0.001,1.2,1.2
2026-02-27T20:55:58.951383,of:0000000000000006:2 <-> of:000000000000000a:2,14140,14140,1969808,1969808,0.001,0.001,1.2,1.2
2026-02-27T20:55:58.951383,of:0000000000000006:1 <-> of:000000000000000d:4,15734,15734,2126104,2126104,0.001,0.001,1.2,1.2
2026-02-27T20:55:58.951383,of:0000000000000003:1 <-> of:000000000000000b:5,15944,15944,2146580,2146580,0.001,0.001,1.2,1.2
2026-02-27T20:55:58.951383,of:0000000000000001:3 <-> of:000000000000000d:1,14199,14199,1975654,1975654,0.001,0.001,1.2,1.2
2026-02-27T20:55:58.951383,of:0000000000000002:1 <-> of:000000000000000b:4,15948,15948,2146890,2146890,0.001,0.001,1.2,1.2
2026-02-27T20:55:58.951383,of:0000000000000001:2 <-> of:000000000000000c:1,14193,14193,1975066,1975066,0.001,0.001,1.2,1.2
2026-02-27T20:55:58.951383,of:0000000000000001:1 <-> of:000000000000000b:1,14198,14198,1975464,1975464,0.001,0.001,1.2,1.2
2026-02-27T20:55:58.951383,of:0000000000000004:1 <-> of:000000000000000c:4,15447,15447,2097958,2097958,0.001,0.001,1.2,1.2
2026-02-27T20:55:58.951383,of:0000000000000005:1 <-> of:000000000000000c:5,15446,15446,2097778,2097778,0.001,0.001,1.2,1.2
2026-02-27T20:55:58.951383,of:000000000000000a:1 <-> of:000000000000000d:6,14108,14108,1973732,1973732,0.001,0.001,1.2,1.2
2026-02-27T20:55:58.951383,of:000000000000000c:3 <-> of:000000000000000d:3,15392,15392,2099564,2099564,0.001,0.001,1.2,1.2
2026-02-27T20:55:58.951383,of:000000000000000b:2 <-> of:000000000000000c:2,15493,15493,2109378,2109378,0.001,0.001,1.2,1.2
2026-02-27T20:55:58.951383,of:0000000000000005:2 <-> of:0000000000000009:3,14428,14428,1991038,1991038,0.001,0.001,1.2,1.2
2026-02-27T20:55:58.951383,of:000000000000000b:3 <-> of:000000000000000d:2,15600,15600,2119884,2119884,0.001,0.001,1.2,1.2
2026-02-27T20:55:58.951383,of:0000000000000004:2 <-> of:0000000000000009:2,14430,14430,1991316,1991316,0.001,0.001,1.2,1.2
2026-02-27T20:55:58.951383,of:0000000000000009:1 <-> of:000000000000000c:6,14110,14110,1966952,1966952,0.001,0.001,1.2,1.2
2026-02-27T20:56:28.973539,of:0000000000000008:1 <-> of:000000000000000b:6,14143,14143,1971660,1971660,0.001,0.001,1.33,1.33
2026-02-27T20:56:28.973539,of:0000000000000003:2 <-> of:0000000000000008:3,14182,14182,1968550,1968550,0.001,0.001,1.33,1.33
2026-02-27T20:56:28.973539,of:0000000000000002:2 <-> of:0000000000000008:2,14182,14182,1968468,1968468,0.001,0.001,1.33,1.33
2026-02-27T20:56:28.973539,of:0000000000000007:1 <-> of:000000000000000d:5,15988,15988,2152636,2152636,0.001,0.001,1.33,1.33
2026-02-27T20:56:28.973539,of:0000000000000007:2 <-> of:000000000000000a:3,14180,14180,1975368,1975368,0.001,0.001,1.33,1.33
2026-02-27T20:56:28.973539,of:0000000000000006:2 <-> of:000000000000000a:2,14180,14180,1975388,1975388,0.001,0.001,1.33,1.33
2026-02-27T20:56:28.973539,of:0000000000000006:1 <-> of:000000000000000d:4,15774,15774,2131684,2131684,0.001,0.001,1.33,1.33
2026-02-27T20:56:28.973539,of:0000000000000003:1 <-> of:000000000000000b:5,15984,15984,2152160,2152160,0.001,0.001,1.33,1.33
2026-02-27T20:56:28.973539,of:0000000000000001:3 <-> of:000000000000000d:1,14239,14239,1981234,1981234,0.001,0.001,1.33,1.33
2026-02-27T20:56:28.973539,of:0000000000000002:1 <-> of:000000000000000b:4,15988,15988,2152470,2152470,0.001,0.001,1.33,1.33
2026-02-27T20:56:28.973539,of:0000000000000001:2 <-> of:000000000000000c:1,14233,14233,1980646,1980646,0.001,0.001,1.33,1.33
2026-02-27T20:56:28.973539,of:0000000000000001:1 <-> of:000000000000000b:1,14238,14238,1981044,1981044,0.001,0.001,1.33,1.33
2026-02-27T20:56:28.973539,of:0000000000000004:1 <-> of:000000000000000c:4,15487,15487,2103538,2103538,0.001,0.001,1.33,1.33
2026-02-27T20:56:28.973539,of:0000000000000005:1 <-> of:000000000000000c:5,15486,15486,2103358,2103358,0.001,0.001,1.33,1.33
2026-02-27T20:56:28.973539,of:000000000000000a:1 <-> of:000000000000000d:6,14148,14148,1979332,1979332,0.001,0.001,1.33,1.33
2026-02-27T20:56:28.973539,of:000000000000000c:3 <-> of:000000000000000d:3,15432,15432,2105164,2105164,0.001,0.001,1.33,1.33
2026-02-27T20:56:28.973539,of:000000000000000b:2 <-> of:000000000000000c:2,15533,15533,2114978,2114978,0.001,0.001,1.33,1.33
2026-02-27T20:56:28.973539,of:0000000000000005:2 <-> of:0000000000000009:3,14468,14468,1996598,1996598,0.001,0.001,1.33,1.33
2026-02-27T20:56:28.973539,of:000000000000000b:3 <-> of:000000000000000d:2,15640,15640,2125484,2125484,0.001,0.001,1.33,1.33
2026-02-27T20:56:28.973539,of:0000000000000004:2 <-> of:0000000000000009:2,14470,14470,1996876,1996876,0.001,0.001,1.33,1.33
2026-02-27T20:56:28.973539,of:0000000000000009:1 <-> of:000000000000000c:6,14150,14150,1972532,1972532,0.001,0.001,1.33,1.33
